-- MySQL dump 10.13  Distrib 8.0.32, for Linux (x86_64)
--
-- Host: localhost    Database: AndroidAPI
-- ------------------------------------------------------
-- Server version	8.0.32-0ubuntu0.22.04.2

/*!40101 SET @OLD_CHARACTER_SET_CLIENT=@@CHARACTER_SET_CLIENT */;
/*!40101 SET @OLD_CHARACTER_SET_RESULTS=@@CHARACTER_SET_RESULTS */;
/*!40101 SET @OLD_COLLATION_CONNECTION=@@COLLATION_CONNECTION */;
/*!50503 SET NAMES utf8mb4 */;
/*!40103 SET @OLD_TIME_ZONE=@@TIME_ZONE */;
/*!40103 SET TIME_ZONE='+00:00' */;
/*!40014 SET @OLD_UNIQUE_CHECKS=@@UNIQUE_CHECKS, UNIQUE_CHECKS=0 */;
/*!40014 SET @OLD_FOREIGN_KEY_CHECKS=@@FOREIGN_KEY_CHECKS, FOREIGN_KEY_CHECKS=0 */;
/*!40101 SET @OLD_SQL_MODE=@@SQL_MODE, SQL_MODE='NO_AUTO_VALUE_ON_ZERO' */;
/*!40111 SET @OLD_SQL_NOTES=@@SQL_NOTES, SQL_NOTES=0 */;

--
-- Table structure for table `Calories`
--

DROP TABLE IF EXISTS `Calories`;
/*!40101 SET @saved_cs_client     = @@character_set_client */;
/*!50503 SET character_set_client = utf8mb4 */;
CREATE TABLE `Calories` (
  `id` int unsigned NOT NULL AUTO_INCREMENT,
  `idUser` int NOT NULL,
  `Type` varchar(45) NOT NULL,
  `Title` varchar(224) NOT NULL,
  `Content` varchar(224) NOT NULL,
  `Calories` int NOT NULL,
  `Time` datetime NOT NULL,
  PRIMARY KEY (`id`)
) ENGINE=InnoDB AUTO_INCREMENT=51 DEFAULT CHARSET=utf8mb3;
/*!40101 SET character_set_client = @saved_cs_client */;

--
-- Dumping data for table `Calories`
--

LOCK TABLES `Calories` WRITE;
/*!40000 ALTER TABLE `Calories` DISABLE KEYS */;
INSERT INTO `Calories` VALUES (44,12,'Intake','breakfast','noodle',352,'2023-02-19 08:00:00'),(45,12,'Burn','walk','take delivery',60,'2023-02-19 17:45:00'),(46,12,'Intake','1','1',50,'2023-02-19 15:46:00'),(47,12,'Intake','test','test',246,'2023-02-20 15:51:00'),(48,12,'Intake','午餐','牛肉粉',349,'2023-02-21 13:14:00'),(49,12,'Intake','Breakfast','Noodle',326,'2023-02-27 10:30:00'),(50,12,'Intake','breakfast','111',376,'2023-03-02 15:48:00');
/*!40000 ALTER TABLE `Calories` ENABLE KEYS */;
UNLOCK TABLES;

--
-- Table structure for table `CaloriesOverall`
--

DROP TABLE IF EXISTS `CaloriesOverall`;
/*!40101 SET @saved_cs_client     = @@character_set_client */;
/*!50503 SET character_set_client = utf8mb4 */;
CREATE TABLE `CaloriesOverall` (
  `id` int NOT NULL AUTO_INCREMENT,
  `idUser` int NOT NULL,
  `Intake` int NOT NULL,
  `Burn` int NOT NULL,
  `Sum` int NOT NULL,
  `Date` datetime NOT NULL,
  PRIMARY KEY (`id`)
) ENGINE=InnoDB AUTO_INCREMENT=14 DEFAULT CHARSET=utf8mb3;
/*!40101 SET character_set_client = @saved_cs_client */;

--
-- Dumping data for table `CaloriesOverall`
--

LOCK TABLES `CaloriesOverall` WRITE;
/*!40000 ALTER TABLE `CaloriesOverall` DISABLE KEYS */;
INSERT INTO `CaloriesOverall` VALUES (5,12,0,0,0,'2023-02-17 21:59:58'),(6,12,0,0,0,'2023-02-18 14:02:12'),(7,12,402,60,342,'2023-02-19 17:50:51'),(8,12,246,0,246,'2023-02-20 22:35:40'),(9,12,349,0,349,'2023-02-21 18:47:14'),(10,12,326,0,326,'2023-02-27 16:12:29'),(11,12,0,0,0,'2023-03-01 19:31:23'),(12,12,376,0,376,'2023-03-02 22:17:34'),(13,12,0,0,0,'2023-03-03 21:40:21');
/*!40000 ALTER TABLE `CaloriesOverall` ENABLE KEYS */;
UNLOCK TABLES;

--
-- Table structure for table `Medication`
--

DROP TABLE IF EXISTS `Medication`;
/*!40101 SET @saved_cs_client     = @@character_set_client */;
/*!50503 SET character_set_client = utf8mb4 */;
CREATE TABLE `Medication` (
  `id` int NOT NULL AUTO_INCREMENT,
  `idUser` int NOT NULL,
  `Type` varchar(45) NOT NULL,
  `Name` varchar(45) NOT NULL,
  `Dose` float NOT NULL,
  `Date` datetime NOT NULL,
  `Status` tinyint(1) NOT NULL,
  PRIMARY KEY (`id`)
) ENGINE=InnoDB AUTO_INCREMENT=12 DEFAULT CHARSET=utf8mb3;
/*!40101 SET character_set_client = @saved_cs_client */;

--
-- Dumping data for table `Medication`
--

LOCK TABLES `Medication` WRITE;
/*!40000 ALTER TABLE `Medication` DISABLE KEYS */;
INSERT INTO `Medication` VALUES (1,12,'Capsule','Aspirin',0.5,'2023-02-27 20:10:00',0),(3,12,'Capsule','testing',1,'2023-03-02 12:00:00',1),(4,12,'Liquid','Tylenol Suspension',30,'2023-03-01 20:10:00',0),(6,12,'Capsule','Aspirin',1,'2023-03-02 13:00:00',0),(7,12,'Capsule','Aspirin',1,'2023-03-02 17:00:00',0),(8,12,'Capsule','Tylenol',1,'2023-03-01 20:20:00',0),(9,12,'Capsule','Aspirin',1,'2023-03-02 09:00:00',0),(10,12,'Capsule','1',1,'2023-03-02 14:02:00',0);
/*!40000 ALTER TABLE `Medication` ENABLE KEYS */;
UNLOCK TABLES;

--
-- Table structure for table `News`
--

DROP TABLE IF EXISTS `News`;
/*!40101 SET @saved_cs_client     = @@character_set_client */;
/*!50503 SET character_set_client = utf8mb4 */;
CREATE TABLE `News` (
  `id` int NOT NULL AUTO_INCREMENT,
  `Title` varchar(225) NOT NULL,
  `Content` text NOT NULL,
  `Date` date NOT NULL,
  `Author` varchar(45) NOT NULL,
  `Image` varchar(225) DEFAULT NULL,
  PRIMARY KEY (`id`)
) ENGINE=InnoDB AUTO_INCREMENT=8 DEFAULT CHARSET=utf8mb3;
/*!40101 SET character_set_client = @saved_cs_client */;

--
-- Dumping data for table `News`
--

LOCK TABLES `News` WRITE;
/*!40000 ALTER TABLE `News` DISABLE KEYS */;
INSERT INTO `News` VALUES (4,'Drink Less','Cutting back on the booze can be a really effective way to improve your health, boost your energy, lose weight and save money.\n\nAny reduction in the amount you drink every week will be beneficial – and with the right help, it\'s easier than you think.\n\nWe have some simple tips and tools to help you start cutting down today. Let\'s do this!','2023-02-14','NHS','https://assets.nhs.uk/campaigns-cms-prod/images/card-drink-less-compressed.width-640.jpg'),(5,'Lose Weight','If you\'re overweight, losing weight has many health benefits. Making small, simple changes to what and how much you are eating and drinking can really help you lose the pounds.','2023-02-14','NHS','https://assets.nhs.uk/campaigns-cms-prod/images/card-lose-weight-resize_Ut37P9y.width-640.jpg'),(6,'Get Active','t\'s the perfect time to get active. No matter how much you do, physical activity is good for your body and mind. Adults should aim to be active every day. Some is good – more is better still.\n\nA daily brisk walk can give your body a boost, lift your mood and make everyday activities easier.\n\nTry these tools, tips and special offers to move more every day.','2023-02-14','NHS','https://assets.nhs.uk/campaigns-cms-prod/images/card-get-active-skipping.width-640.jpg'),(7,'Quit smoking','Stopping smoking is one of the best things you will ever do for your health. Quitting is much easier when you get the right support and there are lots of options to choose from.\n\nEven if you’ve tried before, maybe more than once, you can still succeed. What you’ve already learned will help you reach your goal of becoming an ex-smoker.\n\nCheck out our advice, tools and tips. Let’s do this!','2023-02-14','NHS','https://assets.nhs.uk/campaigns-cms-prod/images/header-smoking-lungs-cut-out-whole_HHWHaNx.width-640.png');
/*!40000 ALTER TABLE `News` ENABLE KEYS */;
UNLOCK TABLES;

--
-- Table structure for table `Sleep`
--

DROP TABLE IF EXISTS `Sleep`;
/*!40101 SET @saved_cs_client     = @@character_set_client */;
/*!50503 SET character_set_client = utf8mb4 */;
CREATE TABLE `Sleep` (
  `id` int NOT NULL AUTO_INCREMENT,
  `idUser` int DEFAULT NULL,
  `Temperature` float DEFAULT NULL,
  `Pressure` float DEFAULT NULL,
  `Light` float DEFAULT NULL,
  `Humidity` float DEFAULT NULL,
  `StartTime` datetime DEFAULT NULL,
  `EndTime` datetime DEFAULT NULL,
  PRIMARY KEY (`id`),
  UNIQUE KEY `EndTime_UNIQUE` (`EndTime`),
  UNIQUE KEY `StartTime_UNIQUE` (`StartTime`)
) ENGINE=InnoDB AUTO_INCREMENT=7 DEFAULT CHARSET=utf8mb3;
/*!40101 SET character_set_client = @saved_cs_client */;

--
-- Dumping data for table `Sleep`
--

LOCK TABLES `Sleep` WRITE;
/*!40000 ALTER TABLE `Sleep` DISABLE KEYS */;
INSERT INTO `Sleep` VALUES (1,12,15.2,1000.26,34.2,62,'2023-03-04 22:25:00','2023-03-05 08:34:00'),(2,12,14.2,9950.26,4.2,58,'2023-03-05 23:25:00','2023-03-06 08:34:00'),(4,12,17,1000.5,2,53,'2023-03-05 23:39:00','2023-03-05 23:41:12'),(6,12,17,1000.5,2,53,'2023-03-05 23:50:00','2023-03-05 23:41:57');
/*!40000 ALTER TABLE `Sleep` ENABLE KEYS */;
UNLOCK TABLES;

--
-- Table structure for table `TrainingLocations`
--

DROP TABLE IF EXISTS `TrainingLocations`;
/*!40101 SET @saved_cs_client     = @@character_set_client */;
/*!50503 SET character_set_client = utf8mb4 */;
CREATE TABLE `TrainingLocations` (
  `id` int NOT NULL AUTO_INCREMENT,
  `idTraining` int NOT NULL,
  `Latitude` float NOT NULL,
  `Longitude` float NOT NULL,
  PRIMARY KEY (`id`)
) ENGINE=InnoDB AUTO_INCREMENT=109 DEFAULT CHARSET=utf8mb3;
/*!40101 SET character_set_client = @saved_cs_client */;

--
-- Dumping data for table `TrainingLocations`
--

LOCK TABLES `TrainingLocations` WRITE;
/*!40000 ALTER TABLE `TrainingLocations` DISABLE KEYS */;
INSERT INTO `TrainingLocations` VALUES (66,24,53.3813,-1.47087),(67,24,53.3518,-1.42143),(68,-1,53.3518,-1.42143),(69,-1,53.3554,-1.41104),(70,-1,53.3514,-1.40435),(71,25,53.3514,-1.40435),(72,25,53.345,-1.39551),(77,28,53.345,-1.39551),(78,28,53.3327,-1.37886),(79,28,53.3318,-1.38553),(80,28,53.3339,-1.39351),(81,29,53.3848,-1.47181),(82,29,53.3846,-1.47186),(83,29,53.3833,-1.47553),(84,29,53.383,-1.47776),(85,29,53.3825,-1.47939),(86,29,53.3822,-1.48115),(87,30,53.3849,-1.47389),(88,30,53.3848,-1.47322),(89,30,53.3845,-1.4723),(90,30,53.3841,-1.47294),(91,30,53.3838,-1.47353),(92,30,53.3836,-1.47416),(93,30,53.3834,-1.47487),(94,30,53.3833,-1.47551),(95,30,53.3832,-1.47631),(96,30,53.3831,-1.47707),(97,30,53.3829,-1.47781),(98,30,53.3828,-1.47845),(99,30,53.3826,-1.47922),(100,30,53.3824,-1.4799),(101,31,53.3847,-1.47297),(102,31,53.3846,-1.47243),(103,31,53.3848,-1.47186),(104,31,53.3849,-1.47145),(105,31,53.3833,-1.47529),(106,31,53.3826,-1.47938),(107,31,53.3822,-1.48087),(108,31,53.3822,-1.48084);
/*!40000 ALTER TABLE `TrainingLocations` ENABLE KEYS */;
UNLOCK TABLES;

--
-- Table structure for table `TrainingOverall`
--

DROP TABLE IF EXISTS `TrainingOverall`;
/*!40101 SET @saved_cs_client     = @@character_set_client */;
/*!50503 SET character_set_client = utf8mb4 */;
CREATE TABLE `TrainingOverall` (
  `id` int NOT NULL AUTO_INCREMENT,
  `idUser` int NOT NULL,
  `Distance` float NOT NULL,
  `Speed` float NOT NULL,
  `Calories` int NOT NULL,
  `Duration` int NOT NULL,
  `Date` datetime NOT NULL,
  PRIMARY KEY (`id`)
) ENGINE=InnoDB AUTO_INCREMENT=14 DEFAULT CHARSET=utf8mb3;
/*!40101 SET character_set_client = @saved_cs_client */;

--
-- Dumping data for table `TrainingOverall`
--

LOCK TABLES `TrainingOverall` WRITE;
/*!40000 ALTER TABLE `TrainingOverall` DISABLE KEYS */;
INSERT INTO `TrainingOverall` VALUES (5,12,0,0,0,0,'2023-02-17 21:59:54'),(6,14,0,0,0,0,'2023-02-17 21:20:52'),(7,12,0,0,0,0,'2023-02-18 14:02:18'),(8,12,0,0,0,0,'2023-02-19 20:41:56'),(9,12,0,0,0,0,'2023-02-20 20:10:39'),(10,12,0,0,0,0,'2023-02-21 17:49:54'),(11,12,0,0,0,2,'2023-02-27 16:13:56'),(12,12,0,0,0,1,'2023-03-02 20:49:36'),(13,12,0,0,0,0,'2023-03-03 13:28:44');
/*!40000 ALTER TABLE `TrainingOverall` ENABLE KEYS */;
UNLOCK TABLES;

--
-- Table structure for table `Trainings`
--

DROP TABLE IF EXISTS `Trainings`;
/*!40101 SET @saved_cs_client     = @@character_set_client */;
/*!50503 SET character_set_client = utf8mb4 */;
CREATE TABLE `Trainings` (
  `id` int NOT NULL AUTO_INCREMENT,
  `idUser` int NOT NULL,
  `Type` varchar(45) NOT NULL,
  `Title` varchar(45) NOT NULL,
  `Distance` float NOT NULL,
  `Speed` float NOT NULL,
  `CaloriesBurn` int NOT NULL,
  `StartTime` datetime NOT NULL,
  `EndTime` datetime NOT NULL,
  PRIMARY KEY (`id`)
) ENGINE=InnoDB AUTO_INCREMENT=32 DEFAULT CHARSET=utf8mb3;
/*!40101 SET character_set_client = @saved_cs_client */;

--
-- Dumping data for table `Trainings`
--

LOCK TABLES `Trainings` WRITE;
/*!40000 ALTER TABLE `Trainings` DISABLE KEYS */;
INSERT INTO `Trainings` VALUES (28,12,'Walking','wuhu',0,0,0,'2023-02-19 17:32:00','2023-02-19 17:32:00'),(29,12,'Walking','walking',0,0,0,'2023-02-21 14:51:00','2023-02-21 14:51:00'),(30,12,'Walking','to uni',0,0,0,'2023-02-27 15:29:00','2023-02-27 15:31:00'),(31,12,'Walking','testing',0,0,0,'2023-03-02 15:56:00','2023-03-02 15:57:00');
/*!40000 ALTER TABLE `Trainings` ENABLE KEYS */;
UNLOCK TABLES;

--
-- Table structure for table `User`
--

DROP TABLE IF EXISTS `User`;
/*!40101 SET @saved_cs_client     = @@character_set_client */;
/*!50503 SET character_set_client = utf8mb4 */;
CREATE TABLE `User` (
  `idUser` int NOT NULL AUTO_INCREMENT,
  `Email` varchar(45) NOT NULL,
  `Password` varchar(255) NOT NULL,
  `Name` varchar(45) DEFAULT NULL,
  `Gender` varchar(45) DEFAULT NULL,
  `Age` int DEFAULT NULL,
  `Height` float DEFAULT NULL,
  `Weight` float DEFAULT NULL,
  `Bmi` float DEFAULT NULL,
  `BodyFatRate` float DEFAULT NULL,
  PRIMARY KEY (`idUser`),
  UNIQUE KEY `idUser_UNIQUE` (`idUser`)
) ENGINE=InnoDB AUTO_INCREMENT=16 DEFAULT CHARSET=utf8mb3;
/*!40101 SET character_set_client = @saved_cs_client */;

--
-- Dumping data for table `User`
--

LOCK TABLES `User` WRITE;
/*!40000 ALTER TABLE `User` DISABLE KEYS */;
INSERT INTO `User` VALUES (11,'1@test.com','$2a$10$wEURaf2gwdPJZ3UWblMCaOrxBKaTJdBT.IQJJFl8su76YItAsXrV.','1','Male',NULL,NULL,NULL,NULL,NULL),(12,'2@test.com','$2a$10$pikZmVDlMSzZDCCkw.3NI.hGVWc4NYcg92knGDJU924AVcUUnYvGS','terenzzzz','Male',22,172,55,18.6,11.2),(13,'3@test.com','$2a$10$72PleZAc8sLCfGA99JyBIue2oA9pUXJ.DXQIUHKnHuRy6A1d6MuBW','3','Female',NULL,NULL,NULL,NULL,NULL),(14,'4@test.com','$2a$10$i4nHOOJFwR6gkatYOFV1oetsivkR3OyWu55iDdcpTmKMf6yhQMRnK','Testing','Female',18,176,72,16.1,26.6),(15,'5@test.com','$2a$10$DIQ1sipBqKjw8CNia14/L.RUnaH6ZgoRZGLQYByhS3AeRwDDC/2Z2','5',NULL,NULL,NULL,NULL,NULL,NULL);
/*!40000 ALTER TABLE `User` ENABLE KEYS */;
UNLOCK TABLES;

--
-- Table structure for table `WalkSteps`
--

DROP TABLE IF EXISTS `WalkSteps`;
/*!40101 SET @saved_cs_client     = @@character_set_client */;
/*!50503 SET character_set_client = utf8mb4 */;
CREATE TABLE `WalkSteps` (
  `id` int NOT NULL AUTO_INCREMENT,
  `idUser` int NOT NULL,
  `Steps` int NOT NULL,
  `Time` datetime NOT NULL,
  PRIMARY KEY (`id`)
) ENGINE=InnoDB AUTO_INCREMENT=1730 DEFAULT CHARSET=utf8mb3;
/*!40101 SET character_set_client = @saved_cs_client */;

--
-- Dumping data for table `WalkSteps`
--

LOCK TABLES `WalkSteps` WRITE;
/*!40000 ALTER TABLE `WalkSteps` DISABLE KEYS */;
INSERT INTO `WalkSteps` VALUES (279,12,2246,'2023-02-17 08:01:00'),(280,12,4562,'2023-02-17 08:02:00'),(281,12,245,'2023-02-17 08:03:00'),(282,12,0,'2023-02-17 21:52:25'),(283,12,0,'2023-02-17 21:52:43'),(284,12,0,'2023-02-17 21:52:55'),(285,12,0,'2023-02-17 21:53:13'),(286,12,0,'2023-02-17 21:53:25'),(287,12,0,'2023-02-17 21:53:43'),(288,12,0,'2023-02-17 21:53:55'),(289,12,0,'2023-02-17 21:54:13'),(290,12,0,'2023-02-17 21:54:25'),(291,12,0,'2023-02-17 21:54:43'),(292,12,0,'2023-02-17 21:54:55'),(293,12,0,'2023-02-17 21:54:58'),(294,12,0,'2023-02-17 21:55:13'),(295,12,0,'2023-02-17 21:55:28'),(296,12,0,'2023-02-17 21:55:43'),(297,12,0,'2023-02-17 21:56:13'),(298,12,0,'2023-02-17 21:56:43'),(299,12,0,'2023-02-17 21:57:13'),(300,12,0,'2023-02-17 21:57:43'),(301,12,0,'2023-02-17 21:58:13'),(302,12,0,'2023-02-17 21:58:43'),(303,12,0,'2023-02-17 21:59:13'),(304,12,0,'2023-02-17 21:59:51'),(305,12,0,'2023-02-17 22:00:13'),(306,12,0,'2023-02-17 22:00:21'),(307,12,0,'2023-02-17 22:00:43'),(308,12,0,'2023-02-17 22:00:51'),(309,12,0,'2023-02-17 22:01:13'),(310,12,0,'2023-02-17 22:01:21'),(311,12,0,'2023-02-17 22:01:21'),(312,12,0,'2023-02-17 22:01:43'),(313,12,49,'2023-02-17 22:01:51'),(314,12,0,'2023-02-17 22:01:51'),(315,12,0,'2023-02-17 22:02:13'),(316,12,15,'2023-02-17 22:02:21'),(317,12,0,'2023-02-17 22:02:21'),(318,12,0,'2023-02-17 22:02:43'),(319,12,15,'2023-02-17 22:02:51'),(320,12,0,'2023-02-17 22:02:51'),(321,12,0,'2023-02-17 22:03:13'),(322,12,15,'2023-02-17 22:03:21'),(323,12,0,'2023-02-17 22:03:21'),(324,12,0,'2023-02-17 22:03:43'),(325,12,0,'2023-02-17 22:03:51'),(326,12,0,'2023-02-17 22:04:13'),(327,12,0,'2023-02-18 14:02:11'),(328,12,0,'2023-02-18 14:02:41'),(329,12,0,'2023-02-18 14:03:11'),(330,12,0,'2023-02-18 14:03:41'),(331,12,0,'2023-02-18 14:04:11'),(332,12,0,'2023-02-18 14:04:41'),(333,12,0,'2023-02-18 14:05:11'),(334,12,0,'2023-02-18 14:05:41'),(335,12,0,'2023-02-18 14:06:11'),(336,12,0,'2023-02-18 14:06:41'),(337,12,0,'2023-02-18 14:07:11'),(338,12,0,'2023-02-18 14:07:41'),(339,12,0,'2023-02-18 14:08:11'),(340,12,0,'2023-02-18 14:08:41'),(341,12,0,'2023-02-18 14:09:11'),(342,12,0,'2023-02-18 14:09:41'),(343,12,0,'2023-02-18 14:10:11'),(344,12,0,'2023-02-18 14:10:41'),(345,12,0,'2023-02-18 14:11:11'),(346,12,0,'2023-02-18 14:11:41'),(347,12,0,'2023-02-18 14:12:11'),(348,12,0,'2023-02-18 14:12:41'),(349,12,0,'2023-02-18 14:13:11'),(350,12,0,'2023-02-18 14:13:41'),(351,12,0,'2023-02-18 14:14:11'),(352,12,0,'2023-02-18 14:14:41'),(353,12,0,'2023-02-18 14:15:11'),(354,12,0,'2023-02-18 14:15:41'),(355,12,0,'2023-02-18 14:16:11'),(356,12,0,'2023-02-18 14:16:41'),(357,12,0,'2023-02-18 14:17:11'),(358,12,0,'2023-02-18 14:17:41'),(359,12,0,'2023-02-18 14:18:11'),(360,12,0,'2023-02-18 14:18:41'),(361,12,0,'2023-02-18 14:19:11'),(362,12,0,'2023-02-18 14:19:41'),(363,12,0,'2023-02-18 14:20:11'),(364,12,0,'2023-02-18 14:20:41'),(365,12,0,'2023-02-18 14:21:11'),(366,12,0,'2023-02-18 14:21:41'),(367,12,0,'2023-02-18 14:22:11'),(368,12,0,'2023-02-18 14:22:41'),(369,12,0,'2023-02-18 14:23:11'),(370,12,0,'2023-02-18 14:23:41'),(371,12,0,'2023-02-18 14:24:11'),(372,12,0,'2023-02-18 14:24:41'),(373,12,0,'2023-02-18 14:25:11'),(374,12,0,'2023-02-18 14:25:41'),(375,12,0,'2023-02-18 14:26:11'),(376,12,0,'2023-02-18 14:26:41'),(377,12,0,'2023-02-18 14:27:11'),(378,12,0,'2023-02-18 14:27:41'),(379,12,0,'2023-02-18 14:28:11'),(380,12,0,'2023-02-18 14:28:41'),(381,12,0,'2023-02-18 14:29:11'),(382,12,0,'2023-02-18 14:29:41'),(383,12,0,'2023-02-18 14:30:11'),(384,12,0,'2023-02-18 14:30:41'),(385,12,0,'2023-02-18 14:31:11'),(386,12,0,'2023-02-18 14:31:41'),(387,12,0,'2023-02-18 14:32:11'),(388,12,0,'2023-02-18 14:32:41'),(389,12,0,'2023-02-18 14:33:11'),(390,12,0,'2023-02-18 14:33:41'),(391,12,0,'2023-02-18 14:34:11'),(392,12,0,'2023-02-18 14:34:41'),(393,12,0,'2023-02-18 14:35:11'),(394,12,0,'2023-02-18 14:35:41'),(395,12,0,'2023-02-18 14:36:11'),(396,12,0,'2023-02-18 14:36:41'),(397,12,0,'2023-02-18 14:37:11'),(398,12,0,'2023-02-18 14:37:41'),(399,12,0,'2023-02-18 14:38:11'),(400,12,0,'2023-02-18 14:38:41'),(401,12,0,'2023-02-18 14:39:11'),(402,12,0,'2023-02-18 14:39:41'),(403,12,0,'2023-02-18 14:40:11'),(404,12,0,'2023-02-18 14:40:41'),(405,12,0,'2023-02-18 14:41:11'),(406,12,0,'2023-02-18 14:41:41'),(407,12,0,'2023-02-18 14:42:11'),(408,12,0,'2023-02-18 14:42:41'),(409,12,0,'2023-02-18 14:43:11'),(410,12,0,'2023-02-18 14:43:41'),(411,12,0,'2023-02-18 14:44:11'),(412,12,0,'2023-02-18 14:44:41'),(413,12,0,'2023-02-18 14:45:11'),(414,12,0,'2023-02-18 14:45:41'),(415,12,0,'2023-02-18 14:46:11'),(416,12,0,'2023-02-18 14:46:41'),(417,12,0,'2023-02-18 14:47:11'),(418,12,0,'2023-02-18 14:47:41'),(419,12,0,'2023-02-18 14:48:11'),(420,12,0,'2023-02-18 14:48:41'),(421,12,0,'2023-02-18 14:49:11'),(422,12,0,'2023-02-18 14:49:41'),(423,12,0,'2023-02-18 14:50:11'),(424,12,0,'2023-02-18 14:50:41'),(425,12,0,'2023-02-18 14:51:11'),(426,12,0,'2023-02-18 14:51:41'),(427,12,0,'2023-02-18 14:52:11'),(428,12,0,'2023-02-18 14:52:41'),(429,12,0,'2023-02-18 14:53:11'),(430,12,0,'2023-02-18 14:53:41'),(431,12,0,'2023-02-18 14:54:11'),(432,12,0,'2023-02-18 14:54:41'),(433,12,0,'2023-02-18 14:55:11'),(434,12,0,'2023-02-18 14:55:41'),(435,12,0,'2023-02-18 14:56:11'),(436,12,63,'2023-02-18 14:57:09'),(437,12,63,'2023-02-18 14:57:39'),(438,12,63,'2023-02-18 14:58:09'),(439,12,0,'2023-02-18 15:00:39'),(440,12,49,'2023-02-18 15:01:09'),(441,12,40,'2023-02-18 15:01:39'),(442,12,96,'2023-02-18 15:02:53'),(443,12,96,'2023-02-18 15:03:23'),(444,12,0,'2023-02-18 17:38:16'),(445,12,0,'2023-02-18 17:45:27'),(446,12,0,'2023-02-18 17:55:11'),(447,12,0,'2023-02-18 17:55:16'),(448,12,0,'2023-02-18 17:55:21'),(449,12,0,'2023-02-18 17:55:26'),(450,12,17,'2023-02-18 17:55:31'),(451,12,11,'2023-02-18 17:55:36'),(452,12,11,'2023-02-18 17:55:41'),(453,12,2,'2023-02-18 17:55:46'),(454,12,2,'2023-02-18 17:55:51'),(455,12,2,'2023-02-18 17:55:56'),(456,12,2,'2023-02-18 17:56:01'),(457,12,10,'2023-02-18 17:56:06'),(458,12,3,'2023-02-18 17:56:11'),(459,12,6,'2023-02-18 17:56:16'),(460,12,6,'2023-02-18 17:56:21'),(461,12,6,'2023-02-18 17:56:26'),(462,12,6,'2023-02-18 17:56:31'),(463,12,6,'2023-02-18 17:56:36'),(464,12,6,'2023-02-18 17:56:41'),(465,12,6,'2023-02-18 17:56:46'),(466,12,17,'2023-02-18 17:56:51'),(467,12,17,'2023-02-18 17:56:56'),(468,12,0,'2023-02-18 18:00:50'),(469,12,0,'2023-02-18 18:00:55'),(470,12,0,'2023-02-18 18:01:00'),(471,12,16,'2023-02-18 18:01:05'),(472,12,3,'2023-02-18 18:01:10'),(473,12,3,'2023-02-18 18:01:15'),(474,12,3,'2023-02-18 18:01:20'),(475,12,3,'2023-02-18 18:01:25'),(476,12,3,'2023-02-18 18:01:30'),(477,12,16,'2023-02-18 18:01:35'),(478,12,16,'2023-02-18 18:01:40'),(479,12,16,'2023-02-18 18:01:45'),(480,12,16,'2023-02-18 18:01:50'),(481,12,0,'2023-02-18 18:06:54'),(482,12,0,'2023-02-18 18:06:59'),(483,12,0,'2023-02-18 18:07:04'),(484,12,0,'2023-02-18 18:07:09'),(485,12,15,'2023-02-18 18:07:14'),(486,12,8,'2023-02-18 18:07:19'),(487,12,0,'2023-02-18 18:07:24'),(488,12,0,'2023-02-18 18:07:29'),(489,12,0,'2023-02-18 18:07:34'),(490,12,0,'2023-02-18 18:07:39'),(491,12,0,'2023-02-18 18:07:44'),(492,12,20,'2023-02-18 18:07:49'),(493,12,1,'2023-02-18 18:07:54'),(494,12,0,'2023-02-18 18:07:59'),(495,12,0,'2023-02-18 18:08:04'),(496,12,0,'2023-02-18 18:08:09'),(497,12,0,'2023-02-18 18:08:14'),(498,12,0,'2023-02-18 18:08:19'),(499,12,0,'2023-02-18 18:14:06'),(500,12,0,'2023-02-18 18:14:11'),(501,12,0,'2023-02-18 18:14:16'),(502,12,0,'2023-02-18 18:20:14'),(503,12,0,'2023-02-18 18:20:19'),(504,12,0,'2023-02-18 18:20:24'),(505,12,0,'2023-02-18 18:20:29'),(506,12,20,'2023-02-18 20:40:41'),(507,12,0,'2023-02-18 20:41:05'),(508,12,0,'2023-02-18 20:41:35'),(509,12,0,'2023-02-18 20:41:53'),(510,12,100,'2023-02-18 20:42:02'),(511,12,100,'2023-02-18 21:09:41'),(512,12,0,'2023-02-18 21:22:02'),(513,12,0,'2023-02-18 21:22:07'),(514,12,0,'2023-02-18 21:22:12'),(515,12,0,'2023-02-18 21:22:17'),(516,12,11,'2023-02-18 21:22:22'),(517,12,11,'2023-02-18 21:22:27'),(518,12,7,'2023-02-18 21:22:32'),(519,12,0,'2023-02-18 21:22:37'),(520,12,0,'2023-02-18 21:22:42'),(521,12,0,'2023-02-18 21:22:47'),(522,12,0,'2023-02-18 21:26:43'),(523,12,0,'2023-02-18 21:26:48'),(524,12,0,'2023-02-18 21:26:53'),(525,12,0,'2023-02-18 21:26:58'),(526,12,0,'2023-02-18 21:27:03'),(527,12,0,'2023-02-18 21:27:08'),(528,12,0,'2023-02-18 21:27:13'),(529,12,0,'2023-02-18 21:27:18'),(530,12,0,'2023-02-18 21:27:23'),(531,12,12,'2023-02-18 21:27:28'),(532,12,6,'2023-02-18 21:27:33'),(533,12,0,'2023-02-18 21:27:38'),(534,12,0,'2023-02-18 21:29:26'),(535,12,0,'2023-02-18 21:29:31'),(536,12,0,'2023-02-18 21:29:36'),(537,12,0,'2023-02-18 21:29:41'),(538,12,0,'2023-02-18 21:29:46'),(539,12,0,'2023-02-18 21:29:51'),(540,12,0,'2023-02-18 21:29:56'),(541,12,0,'2023-02-18 22:26:16'),(542,12,0,'2023-02-18 22:26:21'),(543,12,0,'2023-02-18 22:26:26'),(544,12,0,'2023-02-18 22:26:31'),(545,12,0,'2023-02-18 22:26:36'),(546,12,0,'2023-02-18 22:26:41'),(547,12,0,'2023-02-18 22:26:46'),(548,12,0,'2023-02-18 22:26:51'),(549,12,0,'2023-02-18 22:28:18'),(550,12,0,'2023-02-18 22:28:23'),(551,12,0,'2023-02-18 22:28:28'),(552,12,0,'2023-02-18 22:28:33'),(553,12,0,'2023-02-18 22:28:38'),(554,12,0,'2023-02-18 22:28:43'),(555,12,0,'2023-02-18 22:28:48'),(556,12,0,'2023-02-18 22:58:23'),(557,12,0,'2023-02-18 22:58:53'),(558,12,0,'2023-02-18 22:59:23'),(559,12,0,'2023-02-18 22:59:53'),(560,12,0,'2023-02-18 23:00:23'),(561,12,0,'2023-02-18 23:00:53'),(562,12,0,'2023-02-18 23:01:23'),(563,12,0,'2023-02-18 23:01:53'),(564,12,0,'2023-02-18 23:02:23'),(565,12,0,'2023-02-18 23:02:53'),(566,12,0,'2023-02-18 23:03:23'),(567,12,0,'2023-02-18 23:03:53'),(568,12,0,'2023-02-18 23:04:23'),(569,12,0,'2023-02-18 23:04:53'),(570,12,0,'2023-02-18 23:05:23'),(571,12,0,'2023-02-18 23:05:53'),(572,12,0,'2023-02-18 23:06:23'),(573,12,0,'2023-02-18 23:06:53'),(574,12,0,'2023-02-18 23:07:23'),(575,12,0,'2023-02-18 23:07:53'),(576,12,0,'2023-02-18 23:08:23'),(577,12,0,'2023-02-18 23:08:53'),(578,12,0,'2023-02-18 23:09:23'),(579,12,0,'2023-02-18 23:09:53'),(580,12,0,'2023-02-18 23:10:23'),(581,12,0,'2023-02-18 23:10:53'),(582,12,0,'2023-02-18 23:11:23'),(583,12,0,'2023-02-18 23:11:53'),(584,12,0,'2023-02-18 23:12:23'),(585,12,0,'2023-02-18 23:12:53'),(586,12,0,'2023-02-18 23:13:23'),(587,12,0,'2023-02-18 23:13:53'),(588,12,0,'2023-02-19 15:27:28'),(589,12,0,'2023-02-19 15:27:58'),(590,12,0,'2023-02-19 15:28:08'),(591,12,0,'2023-02-19 15:28:13'),(592,12,0,'2023-02-19 15:28:18'),(593,12,0,'2023-02-19 15:28:23'),(594,12,0,'2023-02-19 15:28:28'),(595,12,0,'2023-02-19 15:28:33'),(596,12,0,'2023-02-19 15:28:38'),(597,12,0,'2023-02-19 15:28:43'),(598,12,0,'2023-02-19 15:28:48'),(599,12,0,'2023-02-19 15:28:53'),(600,12,0,'2023-02-19 15:28:58'),(601,12,0,'2023-02-19 15:29:03'),(602,12,0,'2023-02-19 15:29:08'),(603,12,0,'2023-02-19 15:29:13'),(604,12,0,'2023-02-19 15:29:18'),(605,12,0,'2023-02-19 15:29:23'),(606,12,0,'2023-02-19 15:29:28'),(607,12,0,'2023-02-19 15:29:33'),(608,12,0,'2023-02-19 15:29:38'),(609,12,0,'2023-02-19 15:29:43'),(610,12,0,'2023-02-19 15:29:48'),(611,12,0,'2023-02-19 15:29:53'),(612,12,0,'2023-02-19 15:29:58'),(613,12,0,'2023-02-19 15:30:03'),(614,12,0,'2023-02-19 15:30:08'),(615,12,0,'2023-02-19 15:30:13'),(616,12,0,'2023-02-19 15:30:18'),(617,12,0,'2023-02-19 15:30:23'),(618,12,0,'2023-02-19 15:30:28'),(619,12,0,'2023-02-19 15:30:33'),(620,12,0,'2023-02-19 15:30:38'),(621,12,0,'2023-02-19 15:30:43'),(622,12,0,'2023-02-19 15:30:48'),(623,12,0,'2023-02-19 15:30:53'),(624,12,0,'2023-02-19 15:30:58'),(625,12,0,'2023-02-19 15:31:03'),(626,12,0,'2023-02-19 15:31:07'),(627,12,0,'2023-02-19 15:31:12'),(628,12,0,'2023-02-19 15:31:17'),(629,12,0,'2023-02-19 15:36:18'),(630,12,0,'2023-02-19 15:36:23'),(631,12,0,'2023-02-19 15:36:28'),(632,12,0,'2023-02-19 15:36:33'),(633,12,0,'2023-02-19 15:36:38'),(634,12,0,'2023-02-19 15:36:43'),(635,12,0,'2023-02-19 15:36:48'),(636,12,0,'2023-02-19 15:36:53'),(637,12,0,'2023-02-19 15:36:58'),(638,12,0,'2023-02-19 15:37:03'),(639,12,0,'2023-02-19 15:37:08'),(640,12,0,'2023-02-19 15:37:13'),(641,12,0,'2023-02-19 15:37:18'),(642,12,0,'2023-02-19 15:37:23'),(643,12,0,'2023-02-19 15:37:28'),(644,12,0,'2023-02-19 15:37:33'),(645,12,0,'2023-02-19 15:37:38'),(646,12,0,'2023-02-19 15:37:43'),(647,12,0,'2023-02-19 15:37:48'),(648,12,0,'2023-02-19 15:37:53'),(649,12,0,'2023-02-19 15:37:58'),(650,12,0,'2023-02-19 15:38:03'),(651,12,0,'2023-02-19 15:38:08'),(652,12,0,'2023-02-19 15:38:13'),(653,12,0,'2023-02-19 15:38:18'),(654,12,0,'2023-02-19 15:38:23'),(655,12,0,'2023-02-19 15:38:28'),(656,12,0,'2023-02-19 15:38:33'),(657,12,0,'2023-02-19 16:14:31'),(658,12,0,'2023-02-19 16:26:50'),(659,12,0,'2023-02-19 16:26:55'),(660,12,0,'2023-02-19 16:27:00'),(661,12,0,'2023-02-19 16:27:05'),(662,12,0,'2023-02-19 16:27:10'),(663,12,0,'2023-02-19 16:27:15'),(664,12,0,'2023-02-19 16:27:20'),(665,12,0,'2023-02-19 16:27:25'),(666,12,0,'2023-02-19 16:27:30'),(667,12,0,'2023-02-19 16:27:35'),(668,12,0,'2023-02-19 16:27:40'),(669,12,0,'2023-02-19 16:27:45'),(670,12,0,'2023-02-19 16:27:50'),(671,12,0,'2023-02-19 16:27:55'),(672,12,0,'2023-02-19 16:28:00'),(673,12,0,'2023-02-19 16:28:05'),(674,12,0,'2023-02-19 16:28:10'),(675,12,0,'2023-02-19 16:28:15'),(676,12,0,'2023-02-19 16:28:20'),(677,12,0,'2023-02-19 16:28:25'),(678,12,0,'2023-02-19 16:28:30'),(679,12,0,'2023-02-19 16:28:40'),(680,12,0,'2023-02-19 16:28:45'),(681,12,0,'2023-02-19 16:28:50'),(682,12,0,'2023-02-19 16:28:55'),(683,12,0,'2023-02-19 16:29:00'),(684,12,0,'2023-02-19 16:29:05'),(685,12,0,'2023-02-19 16:29:10'),(686,12,0,'2023-02-19 16:29:15'),(687,12,0,'2023-02-19 16:29:20'),(688,12,0,'2023-02-19 16:29:25'),(689,12,0,'2023-02-19 16:29:30'),(690,12,0,'2023-02-19 16:29:35'),(691,12,0,'2023-02-19 16:29:40'),(692,12,0,'2023-02-19 16:29:45'),(693,12,0,'2023-02-19 16:29:50'),(694,12,0,'2023-02-19 16:30:07'),(695,12,0,'2023-02-19 16:30:12'),(696,12,0,'2023-02-19 16:30:17'),(697,12,0,'2023-02-19 16:30:22'),(698,12,0,'2023-02-19 16:30:27'),(699,12,0,'2023-02-19 16:30:32'),(700,12,0,'2023-02-19 16:30:37'),(701,12,0,'2023-02-19 16:30:42'),(702,12,0,'2023-02-19 16:30:47'),(703,12,0,'2023-02-19 16:30:52'),(704,12,0,'2023-02-19 16:30:57'),(705,12,0,'2023-02-19 16:31:02'),(706,12,0,'2023-02-19 16:31:07'),(707,12,0,'2023-02-19 16:31:12'),(708,12,0,'2023-02-19 16:31:17'),(709,12,0,'2023-02-19 16:31:22'),(710,12,0,'2023-02-19 16:31:27'),(711,12,0,'2023-02-19 16:31:32'),(712,12,0,'2023-02-19 16:31:37'),(713,12,0,'2023-02-19 16:31:37'),(714,12,0,'2023-02-19 16:31:41'),(715,12,0,'2023-02-19 16:31:42'),(716,12,0,'2023-02-19 16:31:46'),(717,12,0,'2023-02-19 16:31:47'),(718,12,0,'2023-02-19 16:31:51'),(719,12,0,'2023-02-19 16:31:52'),(720,12,0,'2023-02-19 16:31:56'),(721,12,0,'2023-02-19 16:31:57'),(722,12,0,'2023-02-19 16:32:01'),(723,12,0,'2023-02-19 16:32:02'),(724,12,0,'2023-02-19 16:32:06'),(725,12,0,'2023-02-19 16:32:07'),(726,12,0,'2023-02-19 16:32:11'),(727,12,0,'2023-02-19 16:32:12'),(728,12,0,'2023-02-19 16:32:16'),(729,12,0,'2023-02-19 16:32:17'),(730,12,0,'2023-02-19 16:32:21'),(731,12,0,'2023-02-19 16:32:22'),(732,12,0,'2023-02-19 16:32:26'),(733,12,0,'2023-02-19 16:32:27'),(734,12,0,'2023-02-19 16:32:31'),(735,12,0,'2023-02-19 16:32:32'),(736,12,0,'2023-02-19 16:32:36'),(737,12,0,'2023-02-19 16:32:37'),(738,12,0,'2023-02-19 16:32:41'),(739,12,0,'2023-02-19 16:32:42'),(740,12,0,'2023-02-19 16:32:46'),(741,12,0,'2023-02-19 16:32:51'),(742,12,0,'2023-02-19 16:32:56'),(743,12,0,'2023-02-19 16:33:01'),(744,12,0,'2023-02-19 16:33:06'),(745,12,0,'2023-02-19 16:33:11'),(746,12,0,'2023-02-19 16:33:16'),(747,12,0,'2023-02-19 16:33:21'),(748,12,0,'2023-02-19 16:33:26'),(749,12,0,'2023-02-19 16:33:31'),(750,12,0,'2023-02-19 16:33:36'),(751,12,0,'2023-02-19 16:33:41'),(752,12,0,'2023-02-19 16:33:46'),(753,12,0,'2023-02-19 16:33:51'),(754,12,0,'2023-02-19 16:33:56'),(755,12,0,'2023-02-19 16:34:01'),(756,12,0,'2023-02-19 16:34:06'),(757,12,0,'2023-02-19 16:34:11'),(758,12,0,'2023-02-19 16:34:16'),(759,12,0,'2023-02-19 16:34:21'),(760,12,0,'2023-02-19 16:34:26'),(761,12,0,'2023-02-19 16:34:31'),(762,12,0,'2023-02-19 16:54:57'),(763,12,0,'2023-02-19 16:55:02'),(764,12,0,'2023-02-19 16:55:07'),(765,12,0,'2023-02-19 16:55:12'),(766,12,0,'2023-02-19 16:55:17'),(767,12,0,'2023-02-19 16:55:22'),(768,12,0,'2023-02-19 16:55:27'),(769,12,0,'2023-02-19 16:55:32'),(770,12,0,'2023-02-19 16:55:37'),(771,12,0,'2023-02-19 16:55:42'),(772,12,0,'2023-02-19 16:55:47'),(773,12,0,'2023-02-19 16:55:52'),(774,12,0,'2023-02-19 16:55:57'),(775,12,0,'2023-02-19 16:56:02'),(776,12,0,'2023-02-19 16:56:07'),(777,12,0,'2023-02-19 16:56:12'),(778,12,0,'2023-02-19 16:56:17'),(779,12,0,'2023-02-19 16:56:22'),(780,12,0,'2023-02-19 16:56:27'),(781,12,0,'2023-02-19 16:56:32'),(782,12,0,'2023-02-19 16:56:37'),(783,12,0,'2023-02-19 16:56:42'),(784,12,0,'2023-02-19 16:56:47'),(785,12,0,'2023-02-19 16:56:52'),(786,12,0,'2023-02-19 16:56:57'),(787,12,0,'2023-02-19 16:57:02'),(788,12,0,'2023-02-19 16:57:07'),(789,12,0,'2023-02-19 16:57:12'),(790,12,0,'2023-02-19 16:57:17'),(791,12,0,'2023-02-19 16:57:22'),(792,12,0,'2023-02-19 16:57:27'),(793,12,0,'2023-02-19 16:57:32'),(794,12,0,'2023-02-19 16:57:37'),(795,12,0,'2023-02-19 16:57:42'),(796,12,0,'2023-02-19 16:57:47'),(797,12,0,'2023-02-19 16:57:52'),(798,12,0,'2023-02-19 16:57:57'),(799,12,0,'2023-02-19 16:58:02'),(800,12,0,'2023-02-19 16:58:07'),(801,12,0,'2023-02-19 16:58:12'),(802,12,0,'2023-02-19 16:58:17'),(803,12,0,'2023-02-19 16:58:22'),(804,12,0,'2023-02-19 16:58:27'),(805,12,0,'2023-02-19 16:58:32'),(806,12,0,'2023-02-19 16:58:37'),(807,12,0,'2023-02-19 16:58:42'),(808,12,0,'2023-02-19 16:58:47'),(809,12,0,'2023-02-19 16:58:52'),(810,12,0,'2023-02-19 16:58:57'),(811,12,0,'2023-02-19 16:59:02'),(812,12,0,'2023-02-19 16:59:07'),(813,12,0,'2023-02-19 16:59:12'),(814,12,0,'2023-02-19 16:59:17'),(815,12,0,'2023-02-19 16:59:22'),(816,12,0,'2023-02-19 16:59:27'),(817,12,0,'2023-02-19 16:59:32'),(818,12,0,'2023-02-19 16:59:37'),(819,12,0,'2023-02-19 16:59:42'),(820,12,0,'2023-02-19 16:59:47'),(821,12,0,'2023-02-19 16:59:52'),(822,12,0,'2023-02-19 16:59:57'),(823,12,0,'2023-02-19 17:00:02'),(824,12,0,'2023-02-19 17:00:07'),(825,12,0,'2023-02-19 17:00:12'),(826,12,0,'2023-02-19 17:00:17'),(827,12,0,'2023-02-19 17:00:22'),(828,12,0,'2023-02-19 17:00:27'),(829,12,0,'2023-02-19 17:00:32'),(830,12,0,'2023-02-19 17:00:37'),(831,12,0,'2023-02-19 17:00:42'),(832,12,0,'2023-02-19 17:00:47'),(833,12,0,'2023-02-19 17:00:55'),(834,12,0,'2023-02-19 17:00:59'),(835,12,0,'2023-02-19 17:01:05'),(836,12,0,'2023-02-19 17:01:10'),(837,12,0,'2023-02-19 17:01:15'),(838,12,0,'2023-02-19 17:01:20'),(839,12,0,'2023-02-19 17:01:25'),(840,12,0,'2023-02-19 17:01:33'),(841,12,0,'2023-02-19 17:01:38'),(842,12,0,'2023-02-19 17:01:43'),(843,12,0,'2023-02-19 17:01:48'),(844,12,0,'2023-02-19 17:01:54'),(845,12,0,'2023-02-19 17:01:59'),(846,12,0,'2023-02-19 17:02:04'),(847,12,0,'2023-02-19 17:02:09'),(848,12,0,'2023-02-19 17:02:14'),(849,12,0,'2023-02-19 17:02:19'),(850,12,0,'2023-02-19 17:02:24'),(851,12,0,'2023-02-19 17:02:29'),(852,12,0,'2023-02-19 17:02:34'),(853,12,0,'2023-02-19 17:02:39'),(854,12,0,'2023-02-19 17:02:44'),(855,12,0,'2023-02-19 17:02:49'),(856,12,0,'2023-02-19 17:02:54'),(857,12,0,'2023-02-19 17:02:59'),(858,12,0,'2023-02-19 17:03:04'),(859,12,0,'2023-02-19 17:03:09'),(860,12,0,'2023-02-19 17:03:14'),(861,12,0,'2023-02-19 17:03:19'),(862,12,0,'2023-02-19 17:03:24'),(863,12,0,'2023-02-19 17:03:29'),(864,12,0,'2023-02-19 17:03:34'),(865,12,0,'2023-02-19 17:03:39'),(866,12,0,'2023-02-19 17:03:44'),(867,12,0,'2023-02-19 17:03:49'),(868,12,0,'2023-02-19 17:03:54'),(869,12,0,'2023-02-19 17:03:59'),(870,12,0,'2023-02-19 17:04:04'),(871,12,0,'2023-02-19 17:04:09'),(872,12,0,'2023-02-19 17:04:14'),(873,12,0,'2023-02-19 17:04:19'),(874,12,0,'2023-02-19 17:04:24'),(875,12,0,'2023-02-19 17:04:29'),(876,12,0,'2023-02-19 17:04:34'),(877,12,0,'2023-02-19 17:04:39'),(878,12,0,'2023-02-19 17:04:44'),(879,12,0,'2023-02-19 17:04:49'),(880,12,0,'2023-02-19 17:04:54'),(881,12,0,'2023-02-19 17:04:59'),(882,12,0,'2023-02-19 17:05:04'),(883,12,0,'2023-02-19 17:05:09'),(884,12,0,'2023-02-19 17:05:14'),(885,12,0,'2023-02-19 17:05:19'),(886,12,0,'2023-02-19 17:05:24'),(887,12,0,'2023-02-19 17:05:29'),(888,12,0,'2023-02-19 17:05:34'),(889,12,0,'2023-02-19 17:05:39'),(890,12,0,'2023-02-19 17:05:44'),(891,12,0,'2023-02-19 17:05:49'),(892,12,0,'2023-02-19 17:05:54'),(893,12,0,'2023-02-19 17:05:59'),(894,12,0,'2023-02-19 17:06:04'),(895,12,0,'2023-02-19 17:06:09'),(896,12,0,'2023-02-19 17:06:14'),(897,12,0,'2023-02-19 17:06:19'),(898,12,0,'2023-02-19 17:06:24'),(899,12,0,'2023-02-19 17:06:29'),(900,12,0,'2023-02-19 17:06:34'),(901,12,0,'2023-02-19 17:06:39'),(902,12,0,'2023-02-19 17:06:44'),(903,12,0,'2023-02-19 17:06:49'),(904,12,0,'2023-02-19 17:06:54'),(905,12,0,'2023-02-19 17:06:59'),(906,12,0,'2023-02-19 17:07:04'),(907,12,0,'2023-02-19 17:07:09'),(908,12,0,'2023-02-19 17:07:14'),(909,12,0,'2023-02-19 17:07:19'),(910,12,0,'2023-02-19 17:07:24'),(911,12,0,'2023-02-19 17:07:29'),(912,12,0,'2023-02-19 17:07:34'),(913,12,0,'2023-02-19 17:07:39'),(914,12,0,'2023-02-19 17:07:44'),(915,12,0,'2023-02-19 17:07:49'),(916,12,0,'2023-02-19 17:07:54'),(917,12,0,'2023-02-19 17:07:59'),(918,12,0,'2023-02-19 17:08:04'),(919,12,0,'2023-02-19 17:08:09'),(920,12,0,'2023-02-19 17:08:14'),(921,12,0,'2023-02-19 17:08:19'),(922,12,0,'2023-02-19 17:08:24'),(923,12,0,'2023-02-19 17:08:29'),(924,12,0,'2023-02-19 17:08:34'),(925,12,0,'2023-02-19 17:08:39'),(926,12,0,'2023-02-19 17:08:44'),(927,12,0,'2023-02-19 17:08:49'),(928,12,0,'2023-02-19 17:08:54'),(929,12,0,'2023-02-19 17:08:59'),(930,12,0,'2023-02-19 17:09:04'),(931,12,0,'2023-02-19 17:09:09'),(932,12,0,'2023-02-19 17:09:14'),(933,12,0,'2023-02-19 17:09:19'),(934,12,0,'2023-02-19 17:09:24'),(935,12,0,'2023-02-19 17:09:29'),(936,12,0,'2023-02-19 17:09:34'),(937,12,0,'2023-02-19 17:09:39'),(938,12,0,'2023-02-19 17:09:44'),(939,12,0,'2023-02-19 17:09:49'),(940,12,0,'2023-02-19 17:09:54'),(941,12,0,'2023-02-19 17:09:59'),(942,12,0,'2023-02-19 17:10:04'),(943,12,0,'2023-02-19 17:10:09'),(944,12,0,'2023-02-19 17:10:14'),(945,12,0,'2023-02-19 17:10:19'),(946,12,0,'2023-02-19 17:10:24'),(947,12,0,'2023-02-19 17:10:29'),(948,12,0,'2023-02-19 17:10:34'),(949,12,0,'2023-02-19 17:10:39'),(950,12,16,'2023-02-19 17:10:44'),(951,12,11,'2023-02-19 17:10:49'),(952,12,10,'2023-02-19 17:10:54'),(953,12,10,'2023-02-19 17:10:59'),(954,12,9,'2023-02-19 17:11:04'),(955,12,2,'2023-02-19 17:11:09'),(956,12,0,'2023-02-19 17:11:14'),(957,12,0,'2023-02-19 17:11:19'),(958,12,0,'2023-02-19 17:11:24'),(959,12,0,'2023-02-19 17:11:29'),(960,12,17,'2023-02-19 17:11:45'),(961,12,39,'2023-02-19 17:12:06'),(962,12,4,'2023-02-19 17:12:11'),(963,12,1,'2023-02-19 17:12:16'),(964,12,0,'2023-02-19 17:12:21'),(965,12,0,'2023-02-19 17:12:26'),(966,12,0,'2023-02-19 17:12:31'),(967,12,0,'2023-02-19 17:12:36'),(968,12,0,'2023-02-19 17:12:41'),(969,12,0,'2023-02-19 17:12:46'),(970,12,0,'2023-02-19 17:12:51'),(971,12,0,'2023-02-19 17:12:56'),(972,12,0,'2023-02-19 17:13:01'),(973,12,0,'2023-02-19 17:13:06'),(974,12,0,'2023-02-19 17:13:11'),(975,12,0,'2023-02-19 17:13:18'),(976,12,0,'2023-02-19 17:13:23'),(977,12,0,'2023-02-19 17:13:28'),(978,12,0,'2023-02-19 17:13:33'),(979,12,0,'2023-02-19 17:13:38'),(980,12,0,'2023-02-19 17:13:43'),(981,12,0,'2023-02-19 17:13:48'),(982,12,0,'2023-02-19 17:13:53'),(983,12,0,'2023-02-19 17:13:58'),(984,12,0,'2023-02-19 17:14:03'),(985,12,0,'2023-02-19 17:14:08'),(986,12,0,'2023-02-19 17:14:13'),(987,12,0,'2023-02-19 17:14:18'),(988,12,0,'2023-02-19 17:14:23'),(989,12,0,'2023-02-19 17:14:28'),(990,12,0,'2023-02-19 17:14:33'),(991,12,0,'2023-02-19 17:14:38'),(992,12,0,'2023-02-19 17:14:43'),(993,12,0,'2023-02-19 17:14:48'),(994,12,0,'2023-02-19 17:14:53'),(995,12,0,'2023-02-19 17:14:58'),(996,12,0,'2023-02-19 17:15:03'),(997,12,0,'2023-02-19 17:15:08'),(998,12,0,'2023-02-19 17:15:13'),(999,12,0,'2023-02-19 17:15:18'),(1000,12,0,'2023-02-19 17:15:23'),(1001,12,0,'2023-02-19 17:15:28'),(1002,12,0,'2023-02-19 17:15:33'),(1003,12,0,'2023-02-19 17:15:38'),(1004,12,0,'2023-02-19 17:15:43'),(1005,12,0,'2023-02-19 17:15:48'),(1006,12,0,'2023-02-19 17:15:53'),(1007,12,0,'2023-02-19 17:15:58'),(1008,12,0,'2023-02-19 17:16:03'),(1009,12,0,'2023-02-19 17:16:08'),(1010,12,0,'2023-02-19 17:16:13'),(1011,12,0,'2023-02-19 17:16:18'),(1012,12,0,'2023-02-19 17:16:23'),(1013,12,0,'2023-02-19 17:16:28'),(1014,12,0,'2023-02-19 17:16:33'),(1015,12,0,'2023-02-19 17:16:38'),(1016,12,0,'2023-02-19 17:16:43'),(1017,12,0,'2023-02-19 17:16:48'),(1018,12,0,'2023-02-19 17:16:53'),(1019,12,0,'2023-02-19 17:16:58'),(1020,12,0,'2023-02-19 17:17:03'),(1021,12,0,'2023-02-19 17:17:08'),(1022,12,0,'2023-02-19 17:17:13'),(1023,12,0,'2023-02-19 17:17:18'),(1024,12,0,'2023-02-19 17:17:23'),(1025,12,0,'2023-02-19 17:17:28'),(1026,12,0,'2023-02-19 17:17:33'),(1027,12,0,'2023-02-19 17:17:38'),(1028,12,0,'2023-02-19 17:17:43'),(1029,12,0,'2023-02-19 17:17:48'),(1030,12,0,'2023-02-19 17:17:53'),(1031,12,0,'2023-02-19 17:17:58'),(1032,12,0,'2023-02-19 17:18:03'),(1033,12,0,'2023-02-19 17:18:08'),(1034,12,0,'2023-02-19 17:18:13'),(1035,12,0,'2023-02-19 17:18:18'),(1036,12,0,'2023-02-19 17:18:40'),(1037,12,0,'2023-02-19 17:18:45'),(1038,12,0,'2023-02-19 17:18:50'),(1039,12,0,'2023-02-19 17:18:55'),(1040,12,0,'2023-02-19 17:19:00'),(1041,12,0,'2023-02-19 17:19:05'),(1042,12,0,'2023-02-19 17:19:10'),(1043,12,0,'2023-02-19 17:19:15'),(1044,12,0,'2023-02-19 17:19:20'),(1045,12,0,'2023-02-19 17:19:25'),(1046,12,0,'2023-02-19 17:19:30'),(1047,12,0,'2023-02-19 17:19:35'),(1048,12,0,'2023-02-19 17:19:40'),(1049,12,0,'2023-02-19 17:19:45'),(1050,12,0,'2023-02-19 17:19:53'),(1051,12,0,'2023-02-19 17:19:58'),(1052,12,0,'2023-02-19 17:20:03'),(1053,12,0,'2023-02-19 17:20:08'),(1054,12,0,'2023-02-19 17:20:13'),(1055,12,0,'2023-02-19 17:20:18'),(1056,12,0,'2023-02-19 17:20:23'),(1057,12,0,'2023-02-19 17:20:28'),(1058,12,0,'2023-02-19 17:20:33'),(1059,12,0,'2023-02-19 17:20:38'),(1060,12,0,'2023-02-19 17:20:43'),(1061,12,0,'2023-02-19 17:20:48'),(1062,12,0,'2023-02-19 17:20:53'),(1063,12,0,'2023-02-19 17:20:58'),(1064,12,0,'2023-02-19 17:21:03'),(1065,12,0,'2023-02-19 17:21:08'),(1066,12,0,'2023-02-19 17:21:13'),(1067,12,0,'2023-02-19 17:21:18'),(1068,12,0,'2023-02-19 17:21:23'),(1069,12,0,'2023-02-19 17:21:28'),(1070,12,0,'2023-02-19 17:21:33'),(1071,12,0,'2023-02-19 17:21:38'),(1072,12,0,'2023-02-19 17:21:45'),(1073,12,0,'2023-02-19 17:21:50'),(1074,12,0,'2023-02-19 17:21:58'),(1075,12,0,'2023-02-19 17:22:03'),(1076,12,0,'2023-02-19 17:22:08'),(1077,12,0,'2023-02-19 17:22:13'),(1078,12,0,'2023-02-19 17:22:18'),(1079,12,0,'2023-02-19 17:22:24'),(1080,12,0,'2023-02-19 17:22:29'),(1081,12,0,'2023-02-19 17:22:34'),(1082,12,0,'2023-02-19 17:22:39'),(1083,12,0,'2023-02-19 17:22:44'),(1084,12,0,'2023-02-19 17:22:50'),(1085,12,0,'2023-02-19 17:22:55'),(1086,12,0,'2023-02-19 17:23:00'),(1087,12,0,'2023-02-19 17:23:05'),(1088,12,0,'2023-02-19 17:23:10'),(1089,12,0,'2023-02-19 17:23:15'),(1090,12,0,'2023-02-19 17:23:20'),(1091,12,0,'2023-02-19 17:23:25'),(1092,12,0,'2023-02-19 17:23:30'),(1093,12,0,'2023-02-19 17:23:35'),(1094,12,0,'2023-02-19 17:23:40'),(1095,12,0,'2023-02-19 17:23:45'),(1096,12,0,'2023-02-19 17:23:50'),(1097,12,0,'2023-02-19 17:23:55'),(1098,12,0,'2023-02-19 17:24:00'),(1099,12,0,'2023-02-19 17:24:05'),(1100,12,0,'2023-02-19 17:24:10'),(1101,12,0,'2023-02-19 17:24:15'),(1102,12,0,'2023-02-19 17:24:20'),(1103,12,0,'2023-02-19 17:24:25'),(1104,12,0,'2023-02-19 17:24:30'),(1105,12,0,'2023-02-19 17:24:35'),(1106,12,0,'2023-02-19 17:24:40'),(1107,12,0,'2023-02-19 17:24:45'),(1108,12,0,'2023-02-19 17:24:50'),(1109,12,0,'2023-02-19 17:24:55'),(1110,12,0,'2023-02-19 17:25:00'),(1111,12,0,'2023-02-19 17:25:05'),(1112,12,0,'2023-02-19 17:25:10'),(1113,12,0,'2023-02-19 17:25:15'),(1114,12,0,'2023-02-19 17:25:20'),(1115,12,0,'2023-02-19 17:25:25'),(1116,12,0,'2023-02-19 17:25:30'),(1117,12,0,'2023-02-19 17:25:35'),(1118,12,0,'2023-02-19 17:25:40'),(1119,12,0,'2023-02-19 17:25:45'),(1120,12,0,'2023-02-19 17:25:50'),(1121,12,0,'2023-02-19 17:25:55'),(1122,12,0,'2023-02-19 17:26:00'),(1123,12,0,'2023-02-19 17:26:05'),(1124,12,0,'2023-02-19 17:26:10'),(1125,12,0,'2023-02-19 17:26:15'),(1126,12,0,'2023-02-19 17:26:20'),(1127,12,0,'2023-02-19 17:26:25'),(1128,12,0,'2023-02-19 17:26:30'),(1129,12,0,'2023-02-19 17:26:35'),(1130,12,0,'2023-02-19 17:26:40'),(1131,12,0,'2023-02-19 17:26:45'),(1132,12,0,'2023-02-19 17:26:50'),(1133,12,0,'2023-02-19 17:26:55'),(1134,12,0,'2023-02-19 17:27:00'),(1135,12,0,'2023-02-19 17:27:05'),(1136,12,0,'2023-02-19 17:27:10'),(1137,12,0,'2023-02-19 17:27:15'),(1138,12,0,'2023-02-19 17:27:20'),(1139,12,0,'2023-02-19 17:27:25'),(1140,12,0,'2023-02-19 17:27:30'),(1141,12,0,'2023-02-19 17:27:35'),(1142,12,0,'2023-02-19 17:27:40'),(1143,12,0,'2023-02-19 17:27:45'),(1144,12,0,'2023-02-19 17:27:50'),(1145,12,0,'2023-02-19 17:27:55'),(1146,12,0,'2023-02-19 17:28:00'),(1147,12,0,'2023-02-19 17:28:05'),(1148,12,0,'2023-02-19 17:28:10'),(1149,12,0,'2023-02-19 17:28:15'),(1150,12,0,'2023-02-19 17:28:20'),(1151,12,0,'2023-02-19 17:28:25'),(1152,12,0,'2023-02-19 17:28:30'),(1153,12,0,'2023-02-19 17:28:35'),(1154,12,0,'2023-02-19 17:28:40'),(1155,12,0,'2023-02-19 17:28:45'),(1156,12,0,'2023-02-19 17:28:52'),(1157,12,0,'2023-02-19 17:28:57'),(1158,12,0,'2023-02-19 17:29:02'),(1159,12,0,'2023-02-19 17:29:05'),(1160,12,0,'2023-02-19 17:29:10'),(1161,12,0,'2023-02-19 17:29:15'),(1162,12,0,'2023-02-19 17:29:20'),(1163,12,0,'2023-02-19 17:29:25'),(1164,12,0,'2023-02-19 17:29:30'),(1165,12,0,'2023-02-19 17:29:35'),(1166,12,0,'2023-02-19 17:29:40'),(1167,12,0,'2023-02-19 17:29:45'),(1168,12,0,'2023-02-19 17:29:50'),(1169,12,0,'2023-02-19 17:29:55'),(1170,12,0,'2023-02-19 17:30:00'),(1171,12,0,'2023-02-19 17:30:05'),(1172,12,0,'2023-02-19 17:30:10'),(1173,12,0,'2023-02-19 17:30:15'),(1174,12,0,'2023-02-19 17:30:20'),(1175,12,0,'2023-02-19 17:30:25'),(1176,12,0,'2023-02-19 17:30:30'),(1177,12,0,'2023-02-19 17:30:35'),(1178,12,0,'2023-02-19 17:30:40'),(1179,12,0,'2023-02-19 17:30:45'),(1180,12,0,'2023-02-19 17:30:50'),(1181,12,0,'2023-02-19 17:30:56'),(1182,12,0,'2023-02-19 17:31:01'),(1183,12,0,'2023-02-19 17:31:06'),(1184,12,0,'2023-02-19 17:31:11'),(1185,12,0,'2023-02-19 17:31:16'),(1186,12,0,'2023-02-19 17:31:21'),(1187,12,0,'2023-02-19 17:31:26'),(1188,12,0,'2023-02-19 17:31:31'),(1189,12,0,'2023-02-19 17:31:36'),(1190,12,0,'2023-02-19 17:31:41'),(1191,12,0,'2023-02-19 17:31:46'),(1192,12,0,'2023-02-19 17:31:51'),(1193,12,0,'2023-02-19 17:31:56'),(1194,12,0,'2023-02-19 17:32:01'),(1195,12,0,'2023-02-19 17:32:02'),(1196,12,0,'2023-02-19 17:32:07'),(1197,12,0,'2023-02-19 17:32:12'),(1198,12,0,'2023-02-19 17:32:17'),(1199,12,0,'2023-02-19 17:32:22'),(1200,12,0,'2023-02-19 17:32:27'),(1201,12,0,'2023-02-19 17:32:32'),(1202,12,0,'2023-02-19 17:32:37'),(1203,12,0,'2023-02-19 17:32:42'),(1204,12,0,'2023-02-19 17:32:47'),(1205,12,0,'2023-02-19 17:32:52'),(1206,12,0,'2023-02-19 17:32:57'),(1207,12,0,'2023-02-19 17:33:02'),(1208,12,0,'2023-02-19 17:33:07'),(1209,12,0,'2023-02-19 17:33:12'),(1210,12,0,'2023-02-19 17:33:17'),(1211,12,0,'2023-02-19 17:33:22'),(1212,12,0,'2023-02-19 17:33:27'),(1213,12,0,'2023-02-19 17:33:32'),(1214,12,0,'2023-02-19 17:33:37'),(1215,12,0,'2023-02-19 17:33:42'),(1216,12,0,'2023-02-19 17:33:47'),(1217,12,0,'2023-02-19 17:33:52'),(1218,12,0,'2023-02-19 17:33:57'),(1219,12,0,'2023-02-19 17:34:02'),(1220,12,0,'2023-02-19 17:34:07'),(1221,12,0,'2023-02-19 17:34:12'),(1222,12,0,'2023-02-19 17:34:17'),(1223,12,0,'2023-02-19 17:34:22'),(1224,12,0,'2023-02-19 17:34:27'),(1225,12,0,'2023-02-19 17:34:32'),(1226,12,0,'2023-02-19 17:34:38'),(1227,12,0,'2023-02-19 17:43:55'),(1228,12,0,'2023-02-19 17:44:56'),(1229,12,0,'2023-02-19 17:50:24'),(1230,12,0,'2023-02-19 17:50:50'),(1231,12,0,'2023-02-19 18:10:11'),(1232,12,0,'2023-02-19 18:10:16'),(1233,12,0,'2023-02-19 18:10:21'),(1234,12,0,'2023-02-19 18:10:26'),(1235,12,0,'2023-02-19 18:10:31'),(1236,12,19,'2023-02-19 18:10:36'),(1237,12,10,'2023-02-19 18:10:41'),(1238,12,2,'2023-02-19 18:10:46'),(1239,12,0,'2023-02-19 18:10:51'),(1240,12,0,'2023-02-19 18:10:56'),(1241,12,0,'2023-02-19 18:11:01'),(1242,12,0,'2023-02-19 18:11:06'),(1243,12,0,'2023-02-19 18:11:11'),(1244,12,0,'2023-02-19 18:11:16'),(1245,12,0,'2023-02-19 20:32:28'),(1246,12,0,'2023-02-19 20:41:43'),(1247,12,0,'2023-02-19 20:41:48'),(1248,12,0,'2023-02-19 20:41:51'),(1249,12,0,'2023-02-19 20:41:54'),(1250,12,0,'2023-02-19 20:41:59'),(1251,12,0,'2023-02-19 20:42:04'),(1252,12,0,'2023-02-19 20:42:09'),(1253,12,0,'2023-02-20 10:34:18'),(1254,12,0,'2023-02-20 10:34:28'),(1255,12,0,'2023-02-20 12:11:51'),(1256,12,0,'2023-02-20 12:12:03'),(1257,12,0,'2023-02-20 12:15:12'),(1258,12,0,'2023-02-20 12:27:44'),(1259,12,0,'2023-02-20 12:35:21'),(1260,12,0,'2023-02-20 12:36:44'),(1261,12,262,'2023-02-20 12:39:44'),(1262,12,0,'2023-02-20 12:41:32'),(1263,12,0,'2023-02-20 12:41:37'),(1264,12,0,'2023-02-20 12:44:37'),(1265,12,0,'2023-02-20 12:44:48'),(1266,12,0,'2023-02-20 12:47:05'),(1267,12,0,'2023-02-20 14:55:03'),(1268,12,544,'2023-02-20 15:01:11'),(1269,12,0,'2023-02-20 15:50:50'),(1270,12,20,'2023-02-20 15:58:11'),(1271,12,0,'2023-02-20 18:55:12'),(1272,12,0,'2023-02-20 18:55:17'),(1273,12,0,'2023-02-20 18:55:22'),(1274,12,0,'2023-02-20 18:55:27'),(1275,12,0,'2023-02-20 18:55:32'),(1276,12,0,'2023-02-20 18:55:37'),(1277,12,0,'2023-02-20 18:55:42'),(1278,12,0,'2023-02-20 18:55:47'),(1279,12,0,'2023-02-20 18:55:52'),(1280,12,0,'2023-02-20 18:55:57'),(1281,12,0,'2023-02-20 18:56:02'),(1282,12,0,'2023-02-20 18:56:07'),(1283,12,0,'2023-02-20 18:56:12'),(1284,12,0,'2023-02-20 18:56:17'),(1285,12,0,'2023-02-20 18:56:22'),(1286,12,0,'2023-02-20 18:56:27'),(1287,12,0,'2023-02-20 18:56:32'),(1288,12,0,'2023-02-20 18:56:37'),(1289,12,0,'2023-02-20 18:56:42'),(1290,12,0,'2023-02-20 18:56:47'),(1291,12,0,'2023-02-20 18:56:52'),(1292,12,0,'2023-02-20 18:56:57'),(1293,12,0,'2023-02-20 18:57:02'),(1294,12,0,'2023-02-20 18:57:07'),(1295,12,0,'2023-02-20 18:57:12'),(1296,12,0,'2023-02-20 18:57:17'),(1297,12,0,'2023-02-20 18:57:22'),(1298,12,0,'2023-02-20 18:57:27'),(1299,12,0,'2023-02-20 18:57:32'),(1300,12,0,'2023-02-20 18:57:37'),(1301,12,0,'2023-02-20 18:57:42'),(1302,12,0,'2023-02-20 18:57:47'),(1303,12,0,'2023-02-20 18:57:52'),(1304,12,0,'2023-02-20 18:57:57'),(1305,12,0,'2023-02-20 18:58:02'),(1306,12,0,'2023-02-20 18:58:07'),(1307,12,0,'2023-02-20 18:58:12'),(1308,12,0,'2023-02-20 18:58:17'),(1309,12,0,'2023-02-20 18:58:22'),(1310,12,0,'2023-02-20 18:58:27'),(1311,12,0,'2023-02-20 18:58:32'),(1312,12,0,'2023-02-20 18:58:37'),(1313,12,0,'2023-02-20 18:58:42'),(1314,12,0,'2023-02-20 18:58:47'),(1315,12,0,'2023-02-20 18:58:52'),(1316,12,0,'2023-02-20 18:58:57'),(1317,12,0,'2023-02-20 18:59:02'),(1318,12,0,'2023-02-20 18:59:07'),(1319,12,0,'2023-02-20 18:59:12'),(1320,12,0,'2023-02-20 18:59:17'),(1321,12,0,'2023-02-20 18:59:22'),(1322,12,0,'2023-02-20 18:59:27'),(1323,12,0,'2023-02-20 18:59:32'),(1324,12,0,'2023-02-20 18:59:37'),(1325,12,0,'2023-02-20 18:59:42'),(1326,12,0,'2023-02-20 18:59:47'),(1327,12,0,'2023-02-20 18:59:52'),(1328,12,0,'2023-02-20 18:59:57'),(1329,12,0,'2023-02-20 19:00:02'),(1330,12,0,'2023-02-20 19:00:07'),(1331,12,0,'2023-02-20 19:00:12'),(1332,12,0,'2023-02-20 19:00:17'),(1333,12,0,'2023-02-20 19:00:22'),(1334,12,0,'2023-02-20 19:00:27'),(1335,12,0,'2023-02-20 19:00:32'),(1336,12,0,'2023-02-20 19:00:37'),(1337,12,0,'2023-02-20 19:00:42'),(1338,12,0,'2023-02-20 19:00:47'),(1339,12,0,'2023-02-20 19:00:52'),(1340,12,0,'2023-02-20 19:00:57'),(1341,12,0,'2023-02-20 19:01:02'),(1342,12,0,'2023-02-20 19:01:07'),(1343,12,0,'2023-02-20 19:01:12'),(1344,12,0,'2023-02-20 19:01:17'),(1345,12,0,'2023-02-20 19:01:22'),(1346,12,0,'2023-02-20 19:01:27'),(1347,12,0,'2023-02-20 19:01:32'),(1348,12,0,'2023-02-20 19:01:37'),(1349,12,0,'2023-02-20 19:01:42'),(1350,12,0,'2023-02-20 19:01:47'),(1351,12,0,'2023-02-20 19:01:52'),(1352,12,0,'2023-02-20 19:01:57'),(1353,12,0,'2023-02-20 19:02:02'),(1354,12,0,'2023-02-20 19:02:07'),(1355,12,0,'2023-02-20 19:02:12'),(1356,12,0,'2023-02-20 19:02:17'),(1357,12,0,'2023-02-20 19:02:22'),(1358,12,0,'2023-02-20 19:02:27'),(1359,12,0,'2023-02-20 19:02:32'),(1360,12,0,'2023-02-20 19:02:37'),(1361,12,0,'2023-02-20 19:02:42'),(1362,12,0,'2023-02-20 19:02:47'),(1363,12,0,'2023-02-20 19:02:52'),(1364,12,0,'2023-02-20 19:02:57'),(1365,12,0,'2023-02-20 19:03:02'),(1366,12,0,'2023-02-20 19:03:07'),(1367,12,0,'2023-02-20 19:03:12'),(1368,12,0,'2023-02-20 19:03:17'),(1369,12,0,'2023-02-20 19:03:22'),(1370,12,0,'2023-02-20 19:03:27'),(1371,12,0,'2023-02-20 19:03:32'),(1372,12,0,'2023-02-20 19:03:37'),(1373,12,0,'2023-02-20 19:03:42'),(1374,12,0,'2023-02-20 19:03:47'),(1375,12,0,'2023-02-20 19:03:52'),(1376,12,0,'2023-02-20 19:03:57'),(1377,12,0,'2023-02-20 19:04:02'),(1378,12,0,'2023-02-20 19:04:07'),(1379,12,0,'2023-02-20 19:04:12'),(1380,12,0,'2023-02-20 19:04:17'),(1381,12,0,'2023-02-20 19:04:22'),(1382,12,0,'2023-02-20 19:04:27'),(1383,12,0,'2023-02-20 19:04:32'),(1384,12,0,'2023-02-20 19:04:37'),(1385,12,0,'2023-02-20 19:04:42'),(1386,12,0,'2023-02-20 19:04:47'),(1387,12,0,'2023-02-20 19:04:52'),(1388,12,0,'2023-02-20 19:04:57'),(1389,12,0,'2023-02-20 19:05:02'),(1390,12,0,'2023-02-20 19:05:07'),(1391,12,0,'2023-02-20 19:05:12'),(1392,12,0,'2023-02-20 19:05:17'),(1393,12,0,'2023-02-20 19:05:22'),(1394,12,0,'2023-02-20 19:05:27'),(1395,12,0,'2023-02-20 19:05:32'),(1396,12,0,'2023-02-20 19:05:37'),(1397,12,0,'2023-02-20 19:05:42'),(1398,12,0,'2023-02-20 19:05:47'),(1399,12,0,'2023-02-20 19:05:52'),(1400,12,0,'2023-02-20 19:05:57'),(1401,12,0,'2023-02-20 19:06:02'),(1402,12,0,'2023-02-20 19:06:07'),(1403,12,0,'2023-02-20 19:06:12'),(1404,12,0,'2023-02-20 19:06:17'),(1405,12,0,'2023-02-20 19:06:22'),(1406,12,0,'2023-02-20 19:06:27'),(1407,12,0,'2023-02-20 19:06:32'),(1408,12,0,'2023-02-20 19:06:37'),(1409,12,0,'2023-02-20 19:06:42'),(1410,12,0,'2023-02-20 19:06:47'),(1411,12,0,'2023-02-20 19:06:52'),(1412,12,0,'2023-02-20 19:06:57'),(1413,12,0,'2023-02-20 19:07:02'),(1414,12,0,'2023-02-20 19:07:07'),(1415,12,0,'2023-02-20 19:07:12'),(1416,12,0,'2023-02-20 19:07:17'),(1417,12,0,'2023-02-20 19:07:22'),(1418,12,0,'2023-02-20 19:07:27'),(1419,12,0,'2023-02-20 19:07:32'),(1420,12,0,'2023-02-20 19:07:37'),(1421,12,0,'2023-02-20 19:07:42'),(1422,12,0,'2023-02-20 19:07:47'),(1423,12,0,'2023-02-20 19:07:52'),(1424,12,0,'2023-02-20 19:07:57'),(1425,12,0,'2023-02-20 19:08:02'),(1426,12,0,'2023-02-20 19:08:07'),(1427,12,0,'2023-02-20 19:08:12'),(1428,12,0,'2023-02-20 19:08:17'),(1429,12,0,'2023-02-20 19:08:22'),(1430,12,0,'2023-02-20 19:08:27'),(1431,12,0,'2023-02-20 19:08:32'),(1432,12,0,'2023-02-20 19:08:37'),(1433,12,0,'2023-02-20 19:08:42'),(1434,12,0,'2023-02-20 19:08:47'),(1435,12,0,'2023-02-20 19:08:52'),(1436,12,0,'2023-02-20 19:08:57'),(1437,12,0,'2023-02-20 19:09:02'),(1438,12,0,'2023-02-20 19:09:07'),(1439,12,0,'2023-02-20 19:09:12'),(1440,12,0,'2023-02-20 19:09:17'),(1441,12,0,'2023-02-20 19:09:22'),(1442,12,0,'2023-02-20 19:09:27'),(1443,12,0,'2023-02-20 19:09:32'),(1444,12,0,'2023-02-20 19:09:37'),(1445,12,0,'2023-02-20 19:09:42'),(1446,12,0,'2023-02-20 19:09:47'),(1447,12,0,'2023-02-20 19:09:52'),(1448,12,0,'2023-02-20 19:09:57'),(1449,12,0,'2023-02-20 19:10:02'),(1450,12,0,'2023-02-20 19:10:07'),(1451,12,0,'2023-02-20 19:10:12'),(1452,12,0,'2023-02-20 19:10:17'),(1453,12,0,'2023-02-20 19:10:22'),(1454,12,0,'2023-02-20 19:10:27'),(1455,12,0,'2023-02-20 19:10:32'),(1456,12,0,'2023-02-20 19:10:37'),(1457,12,0,'2023-02-20 19:10:42'),(1458,12,0,'2023-02-20 19:10:47'),(1459,12,0,'2023-02-20 19:10:52'),(1460,12,0,'2023-02-20 19:10:57'),(1461,12,0,'2023-02-20 19:11:02'),(1462,12,0,'2023-02-20 19:11:07'),(1463,12,0,'2023-02-20 19:11:12'),(1464,12,0,'2023-02-20 19:11:17'),(1465,12,0,'2023-02-20 19:11:22'),(1466,12,0,'2023-02-20 19:11:27'),(1467,12,0,'2023-02-20 19:11:32'),(1468,12,0,'2023-02-20 19:11:37'),(1469,12,0,'2023-02-20 19:11:42'),(1470,12,0,'2023-02-20 19:11:47'),(1471,12,0,'2023-02-20 19:11:52'),(1472,12,0,'2023-02-20 19:11:57'),(1473,12,0,'2023-02-20 19:12:02'),(1474,12,0,'2023-02-20 19:12:07'),(1475,12,0,'2023-02-20 19:12:12'),(1476,12,0,'2023-02-20 19:12:17'),(1477,12,0,'2023-02-20 19:12:22'),(1478,12,0,'2023-02-20 19:12:27'),(1479,12,0,'2023-02-20 19:12:32'),(1480,12,0,'2023-02-20 19:12:37'),(1481,12,0,'2023-02-20 19:12:42'),(1482,12,0,'2023-02-20 19:12:47'),(1483,12,0,'2023-02-20 19:12:52'),(1484,12,0,'2023-02-20 19:12:57'),(1485,12,0,'2023-02-20 19:13:02'),(1486,12,0,'2023-02-20 19:13:07'),(1487,12,0,'2023-02-20 19:13:12'),(1488,12,0,'2023-02-20 19:13:17'),(1489,12,0,'2023-02-20 19:13:22'),(1490,12,0,'2023-02-20 19:13:27'),(1491,12,0,'2023-02-20 19:13:32'),(1492,12,0,'2023-02-20 19:13:37'),(1493,12,0,'2023-02-20 19:13:42'),(1494,12,0,'2023-02-20 19:13:47'),(1495,12,0,'2023-02-20 19:13:52'),(1496,12,0,'2023-02-20 19:13:57'),(1497,12,0,'2023-02-20 19:14:02'),(1498,12,0,'2023-02-20 19:14:07'),(1499,12,0,'2023-02-20 19:14:12'),(1500,12,0,'2023-02-20 19:14:17'),(1501,12,0,'2023-02-20 19:14:22'),(1502,12,0,'2023-02-20 19:14:27'),(1503,12,0,'2023-02-20 19:14:32'),(1504,12,0,'2023-02-20 19:14:37'),(1505,12,0,'2023-02-20 19:14:42'),(1506,12,0,'2023-02-20 19:14:47'),(1507,12,0,'2023-02-20 19:14:52'),(1508,12,0,'2023-02-20 19:14:57'),(1509,12,0,'2023-02-20 19:15:02'),(1510,12,0,'2023-02-20 19:15:07'),(1511,12,0,'2023-02-20 19:15:12'),(1512,12,0,'2023-02-20 19:15:17'),(1513,12,0,'2023-02-20 19:15:22'),(1514,12,0,'2023-02-20 19:15:27'),(1515,12,0,'2023-02-20 19:15:32'),(1516,12,0,'2023-02-20 19:15:37'),(1517,12,0,'2023-02-20 19:15:42'),(1518,12,0,'2023-02-20 19:15:47'),(1519,12,0,'2023-02-20 19:15:52'),(1520,12,0,'2023-02-20 19:15:57'),(1521,12,0,'2023-02-20 19:16:02'),(1522,12,0,'2023-02-20 19:16:07'),(1523,12,0,'2023-02-20 19:16:12'),(1524,12,0,'2023-02-20 19:16:17'),(1525,12,0,'2023-02-20 19:16:22'),(1526,12,0,'2023-02-20 19:16:27'),(1527,12,0,'2023-02-20 19:16:32'),(1528,12,0,'2023-02-20 19:16:37'),(1529,12,0,'2023-02-20 19:16:42'),(1530,12,0,'2023-02-20 19:16:47'),(1531,12,0,'2023-02-20 19:16:52'),(1532,12,0,'2023-02-20 19:16:57'),(1533,12,0,'2023-02-20 19:17:02'),(1534,12,0,'2023-02-20 19:17:07'),(1535,12,0,'2023-02-20 19:17:12'),(1536,12,0,'2023-02-20 19:17:17'),(1537,12,0,'2023-02-20 19:17:22'),(1538,12,0,'2023-02-20 19:17:27'),(1539,12,0,'2023-02-20 19:17:32'),(1540,12,0,'2023-02-20 19:17:37'),(1541,12,0,'2023-02-20 19:17:42'),(1542,12,0,'2023-02-20 19:17:47'),(1543,12,0,'2023-02-20 19:17:52'),(1544,12,0,'2023-02-20 19:17:57'),(1545,12,0,'2023-02-20 19:18:02'),(1546,12,0,'2023-02-20 19:18:07'),(1547,12,0,'2023-02-20 19:18:12'),(1548,12,0,'2023-02-20 19:18:17'),(1549,12,0,'2023-02-20 19:18:22'),(1550,12,0,'2023-02-20 19:18:27'),(1551,12,0,'2023-02-20 19:18:32'),(1552,12,0,'2023-02-20 19:18:37'),(1553,12,0,'2023-02-20 19:18:42'),(1554,12,0,'2023-02-20 19:18:47'),(1555,12,0,'2023-02-20 19:18:52'),(1556,12,0,'2023-02-20 19:18:57'),(1557,12,0,'2023-02-20 19:19:02'),(1558,12,0,'2023-02-20 19:19:07'),(1559,12,0,'2023-02-20 19:19:12'),(1560,12,0,'2023-02-20 19:19:17'),(1561,12,0,'2023-02-20 19:19:22'),(1562,12,0,'2023-02-20 19:19:27'),(1563,12,0,'2023-02-20 19:19:32'),(1564,12,0,'2023-02-20 19:19:37'),(1565,12,0,'2023-02-20 19:19:42'),(1566,12,0,'2023-02-20 19:19:47'),(1567,12,0,'2023-02-20 19:19:52'),(1568,12,0,'2023-02-20 19:19:57'),(1569,12,0,'2023-02-20 19:20:02'),(1570,12,0,'2023-02-20 19:20:07'),(1571,12,0,'2023-02-20 19:20:12'),(1572,12,0,'2023-02-20 19:20:17'),(1573,12,0,'2023-02-20 19:20:22'),(1574,12,0,'2023-02-20 19:20:27'),(1575,12,0,'2023-02-20 19:20:32'),(1576,12,0,'2023-02-20 19:20:37'),(1577,12,0,'2023-02-20 19:20:42'),(1578,12,0,'2023-02-20 19:20:47'),(1579,12,0,'2023-02-20 19:20:52'),(1580,12,0,'2023-02-20 19:20:57'),(1581,12,0,'2023-02-20 19:21:02'),(1582,12,0,'2023-02-20 19:21:07'),(1583,12,0,'2023-02-20 19:21:12'),(1584,12,0,'2023-02-20 19:21:17'),(1585,12,0,'2023-02-20 19:21:22'),(1586,12,0,'2023-02-20 19:21:27'),(1587,12,0,'2023-02-20 19:21:32'),(1588,12,0,'2023-02-20 19:21:37'),(1589,12,0,'2023-02-20 19:21:42'),(1590,12,0,'2023-02-20 19:21:47'),(1591,12,0,'2023-02-20 19:21:52'),(1592,12,0,'2023-02-20 19:21:57'),(1593,12,0,'2023-02-20 19:22:02'),(1594,12,0,'2023-02-20 19:22:07'),(1595,12,0,'2023-02-20 19:22:12'),(1596,12,0,'2023-02-20 19:22:17'),(1597,12,0,'2023-02-20 19:22:22'),(1598,12,0,'2023-02-20 19:22:27'),(1599,12,0,'2023-02-20 19:22:32'),(1600,12,0,'2023-02-20 19:22:37'),(1601,12,0,'2023-02-20 19:22:42'),(1602,12,0,'2023-02-20 19:22:47'),(1603,12,0,'2023-02-20 19:22:52'),(1604,12,0,'2023-02-20 19:22:57'),(1605,12,0,'2023-02-20 19:23:02'),(1606,12,0,'2023-02-20 19:23:07'),(1607,12,0,'2023-02-20 19:23:12'),(1608,12,0,'2023-02-20 19:23:17'),(1609,12,0,'2023-02-20 19:23:22'),(1610,12,0,'2023-02-20 19:23:27'),(1611,12,0,'2023-02-20 19:23:32'),(1612,12,0,'2023-02-20 19:23:37'),(1613,12,0,'2023-02-20 19:23:42'),(1614,12,0,'2023-02-20 19:23:47'),(1615,12,0,'2023-02-20 19:23:52'),(1616,12,0,'2023-02-20 19:23:57'),(1617,12,0,'2023-02-20 19:24:02'),(1618,12,0,'2023-02-20 19:24:07'),(1619,12,0,'2023-02-20 19:24:12'),(1620,12,0,'2023-02-20 19:24:17'),(1621,12,0,'2023-02-20 19:24:22'),(1622,12,0,'2023-02-20 19:24:27'),(1623,12,0,'2023-02-20 19:24:32'),(1624,12,0,'2023-02-20 19:24:37'),(1625,12,0,'2023-02-20 19:24:42'),(1626,12,0,'2023-02-20 19:24:47'),(1627,12,0,'2023-02-20 19:24:52'),(1628,12,0,'2023-02-20 19:24:57'),(1629,12,0,'2023-02-20 19:25:02'),(1630,12,0,'2023-02-20 19:25:07'),(1631,12,0,'2023-02-20 19:25:12'),(1632,12,0,'2023-02-20 19:25:17'),(1633,12,0,'2023-02-20 19:25:22'),(1634,12,0,'2023-02-20 19:25:27'),(1635,12,0,'2023-02-20 19:25:32'),(1636,12,0,'2023-02-20 19:25:37'),(1637,12,0,'2023-02-20 19:25:42'),(1638,12,0,'2023-02-20 19:25:47'),(1639,12,0,'2023-02-20 19:25:52'),(1640,12,0,'2023-02-20 19:25:57'),(1641,12,0,'2023-02-20 19:26:02'),(1642,12,0,'2023-02-20 19:26:07'),(1643,12,0,'2023-02-20 19:26:12'),(1644,12,0,'2023-02-20 19:26:17'),(1645,12,0,'2023-02-20 19:26:22'),(1646,12,0,'2023-02-20 19:26:27'),(1647,12,0,'2023-02-20 19:26:32'),(1648,12,0,'2023-02-20 19:26:37'),(1649,12,0,'2023-02-20 19:26:42'),(1650,12,0,'2023-02-20 19:26:47'),(1651,12,0,'2023-02-20 19:26:52'),(1652,12,0,'2023-02-20 19:26:57'),(1653,12,0,'2023-02-20 19:27:02'),(1654,12,0,'2023-02-20 19:27:07'),(1655,12,0,'2023-02-20 19:27:12'),(1656,12,0,'2023-02-20 19:27:17'),(1657,12,0,'2023-02-20 19:27:22'),(1658,12,0,'2023-02-20 19:27:27'),(1659,12,0,'2023-02-20 19:27:32'),(1660,12,0,'2023-02-20 19:27:37'),(1661,12,0,'2023-02-20 19:27:42'),(1662,12,0,'2023-02-20 19:27:47'),(1663,12,465,'2023-02-20 19:54:27'),(1664,12,68,'2023-02-20 19:55:14'),(1665,12,418,'2023-02-20 19:59:28'),(1666,12,116,'2023-02-20 20:00:48'),(1667,12,83,'2023-02-20 20:01:46'),(1668,12,209,'2023-02-20 20:05:30'),(1669,12,97,'2023-02-20 21:59:49'),(1670,12,115,'2023-02-20 22:01:10'),(1671,12,25,'2023-02-20 22:01:40'),(1672,12,40,'2023-02-20 22:02:10'),(1673,12,43,'2023-02-20 22:02:40'),(1674,12,16,'2023-02-20 22:03:10'),(1675,12,194,'2023-02-20 22:22:34'),(1676,12,147,'2023-02-20 22:23:58'),(1677,12,159,'2023-02-20 22:26:07'),(1678,12,118,'2023-02-20 22:27:16'),(1679,12,324,'2023-02-20 22:30:35'),(1680,12,298,'2023-02-20 22:33:43'),(1681,12,96,'2023-02-20 22:34:47'),(1682,12,54,'2023-02-20 22:35:38'),(1683,12,239,'2023-02-21 12:48:03'),(1684,12,26,'2023-02-21 13:17:54'),(1685,12,25,'2023-02-21 13:24:54'),(1686,12,286,'2023-02-21 13:29:07'),(1687,12,56,'2023-02-21 13:29:38'),(1688,12,22,'2023-02-21 13:33:51'),(1689,12,86,'2023-02-21 13:43:01'),(1690,12,27,'2023-02-21 13:43:31'),(1691,12,41,'2023-02-21 13:44:01'),(1692,12,20,'2023-02-21 13:44:31'),(1693,12,26,'2023-02-21 13:45:01'),(1694,12,18,'2023-02-21 13:45:31'),(1695,12,11,'2023-02-21 13:46:01'),(1696,12,502,'2023-02-21 13:51:13'),(1697,12,449,'2023-02-21 13:56:27'),(1698,12,298,'2023-02-21 14:01:48'),(1699,12,51,'2023-02-21 14:02:18'),(1700,12,653,'2023-02-21 14:09:20'),(1701,12,182,'2023-02-21 14:11:12'),(1702,12,56,'2023-02-21 14:11:42'),(1703,12,56,'2023-02-21 14:12:12'),(1704,12,65,'2023-02-21 14:13:35'),(1705,12,373,'2023-02-21 14:17:17'),(1706,12,267,'2023-02-21 14:20:40'),(1707,12,20,'2023-02-21 14:22:13'),(1708,12,32,'2023-02-21 14:23:23'),(1709,12,0,'2023-02-21 14:50:51'),(1710,12,0,'2023-02-21 15:13:20'),(1711,12,10,'2023-02-22 12:35:39'),(1712,12,10,'2023-02-22 12:37:21'),(1713,12,34,'2023-02-22 12:38:23'),(1714,12,1497,'2023-02-27 12:47:30'),(1715,12,0,'2023-02-27 12:46:30'),(1716,12,0,'2023-02-27 12:46:30'),(1717,12,1278,'2023-02-23 12:46:00'),(1718,12,1453,'2023-02-20 12:55:47'),(1719,12,262,'2023-02-27 14:56:54'),(1720,12,196,'2023-02-27 14:58:49'),(1721,12,68,'2023-02-27 14:59:32'),(1722,12,133,'2023-02-27 15:00:52'),(1723,12,48,'2023-03-02 15:14:11'),(1724,12,274,'2023-03-02 15:18:35'),(1725,12,412,'2023-03-02 15:22:49'),(1726,12,8,'2023-03-02 15:23:19'),(1727,12,10,'2023-03-02 15:33:21'),(1728,12,305,'2023-03-02 16:30:31'),(1729,12,659,'2023-03-02 16:40:50');
/*!40000 ALTER TABLE `WalkSteps` ENABLE KEYS */;
UNLOCK TABLES;

--
-- Table structure for table `WalksOverall`
--

DROP TABLE IF EXISTS `WalksOverall`;
/*!40101 SET @saved_cs_client     = @@character_set_client */;
/*!50503 SET character_set_client = utf8mb4 */;
CREATE TABLE `WalksOverall` (
  `id` int NOT NULL AUTO_INCREMENT,
  `idUser` int NOT NULL,
  `TotalSteps` int DEFAULT NULL,
  `Calories` int DEFAULT NULL,
  `Distance` float DEFAULT NULL,
  `Date` datetime NOT NULL,
  PRIMARY KEY (`id`)
) ENGINE=InnoDB AUTO_INCREMENT=32 DEFAULT CHARSET=utf8mb3;
/*!40101 SET character_set_client = @saved_cs_client */;

--
-- Dumping data for table `WalksOverall`
--

LOCK TABLES `WalksOverall` WRITE;
/*!40000 ALTER TABLE `WalksOverall` DISABLE KEYS */;
INSERT INTO `WalksOverall` VALUES (24,12,7147,12810,160.122,'2023-02-17 22:03:51'),(25,12,1012,87,0.23,'2023-02-18 22:28:48'),(26,12,150,13,0.03,'2023-02-19 20:42:09'),(27,12,3911,363,0.97,'2023-02-20 22:35:38'),(28,12,3887,361,0.97,'2023-02-21 15:13:20'),(29,12,20,2,0,'2023-02-22 12:38:23'),(30,12,2023,188,0.5,'2023-02-27 15:00:52'),(31,12,1057,90,0.24,'2023-03-02 16:40:50');
/*!40000 ALTER TABLE `WalksOverall` ENABLE KEYS */;
UNLOCK TABLES;

--
-- Table structure for table `WaterOverall`
--

DROP TABLE IF EXISTS `WaterOverall`;
/*!40101 SET @saved_cs_client     = @@character_set_client */;
/*!50503 SET character_set_client = utf8mb4 */;
CREATE TABLE `WaterOverall` (
  `id` int NOT NULL AUTO_INCREMENT,
  `idUser` varchar(45) NOT NULL,
  `Total` int NOT NULL,
  `Date` datetime NOT NULL,
  PRIMARY KEY (`id`)
) ENGINE=InnoDB AUTO_INCREMENT=11 DEFAULT CHARSET=utf8mb3;
/*!40101 SET character_set_client = @saved_cs_client */;

--
-- Dumping data for table `WaterOverall`
--

LOCK TABLES `WaterOverall` WRITE;
/*!40000 ALTER TABLE `WaterOverall` DISABLE KEYS */;
INSERT INTO `WaterOverall` VALUES (2,'12',200,'2023-02-17 22:02:45'),(3,'12',0,'2023-02-18 14:02:13'),(4,'12',3030,'2023-02-19 18:10:15'),(5,'12',1500,'2023-02-20 22:04:34'),(6,'12',1330,'2023-02-21 18:47:05'),(7,'12',0,'2023-02-22 12:35:38'),(8,'12',830,'2023-02-27 16:12:00'),(9,'12',200,'2023-03-01 19:32:53'),(10,'12',1660,'2023-03-02 23:11:35');
/*!40000 ALTER TABLE `WaterOverall` ENABLE KEYS */;
UNLOCK TABLES;

--
-- Table structure for table `Waters`
--

DROP TABLE IF EXISTS `Waters`;
/*!40101 SET @saved_cs_client     = @@character_set_client */;
/*!50503 SET character_set_client = utf8mb4 */;
CREATE TABLE `Waters` (
  `id` int NOT NULL AUTO_INCREMENT,
  `idUser` int NOT NULL,
  `Type` varchar(45) NOT NULL,
  `Title` varchar(45) NOT NULL,
  `Content` varchar(45) NOT NULL,
  `Value` int NOT NULL,
  `Time` datetime NOT NULL,
  PRIMARY KEY (`id`)
) ENGINE=InnoDB AUTO_INCREMENT=130 DEFAULT CHARSET=utf8mb3;
/*!40101 SET character_set_client = @saved_cs_client */;

--
-- Dumping data for table `Waters`
--

LOCK TABLES `Waters` WRITE;
/*!40000 ALTER TABLE `Waters` DISABLE KEYS */;
INSERT INTO `Waters` VALUES (70,12,'Coffee','Coffee','Coffee',200,'2023-02-17 22:00:05'),(71,12,'Coffee','Coffee','Coffee',200,'2023-02-19 15:36:37'),(72,12,'ColdDrink','ColdDrink','ColdDrink',1000,'2023-02-19 17:20:57'),(73,12,'EnergyDrink','EnergyDrink','EnergyDrink',330,'2023-02-19 17:21:13'),(74,12,'ColdDrink','ColdDrink','ColdDrink',1000,'2023-02-19 17:31:39'),(75,12,'Water','Water','Water',500,'2023-02-19 17:44:01'),(76,12,'Water','Water','Water',500,'2023-02-20 12:35:27'),(77,12,'ColdDrink','ColdDrink','ColdDrink',1000,'2023-02-20 20:10:42'),(80,12,'ColdDrink','ColdDrink','ColdDrink',1000,'2023-02-21 13:16:01'),(115,12,'EnergyDrink','EnergyDrink','EnergyDrink',330,'2023-02-21 13:16:08'),(124,12,'Water','Water','Water',500,'2023-02-27 10:30:00'),(125,12,'EnergyDrink','EnergyDrink','EnergyDrink',330,'2023-02-27 16:11:57'),(126,12,'Coffee','Coffee','Coffee',200,'2023-03-01 17:05:54'),(127,12,'EnergyDrink','EnergyDrink','EnergyDrink',330,'2023-03-02 14:43:51'),(128,12,'EnergyDrink','EnergyDrink','EnergyDrink',330,'2023-03-02 16:03:30'),(129,12,'ColdDrink','ColdDrink','ColdDrink',1000,'2023-03-02 16:03:32');
/*!40000 ALTER TABLE `Waters` ENABLE KEYS */;
UNLOCK TABLES;
/*!40103 SET TIME_ZONE=@OLD_TIME_ZONE */;

/*!40101 SET SQL_MODE=@OLD_SQL_MODE */;
/*!40014 SET FOREIGN_KEY_CHECKS=@OLD_FOREIGN_KEY_CHECKS */;
/*!40014 SET UNIQUE_CHECKS=@OLD_UNIQUE_CHECKS */;
/*!40101 SET CHARACTER_SET_CLIENT=@OLD_CHARACTER_SET_CLIENT */;
/*!40101 SET CHARACTER_SET_RESULTS=@OLD_CHARACTER_SET_RESULTS */;
/*!40101 SET COLLATION_CONNECTION=@OLD_COLLATION_CONNECTION */;
/*!40111 SET SQL_NOTES=@OLD_SQL_NOTES */;

-- Dump completed on 2023-03-05 23:43:33
