-- MySQL dump 10.13  Distrib 8.0.32, for Linux (x86_64)
--
-- Host: localhost    Database: AndroidAPI
-- ------------------------------------------------------
-- Server version	8.0.32-0ubuntu0.22.04.2

/*!40101 SET @OLD_CHARACTER_SET_CLIENT=@@CHARACTER_SET_CLIENT */;
/*!40101 SET @OLD_CHARACTER_SET_RESULTS=@@CHARACTER_SET_RESULTS */;
/*!40101 SET @OLD_COLLATION_CONNECTION=@@COLLATION_CONNECTION */;
/*!50503 SET NAMES utf8mb4 */;
/*!40103 SET @OLD_TIME_ZONE=@@TIME_ZONE */;
/*!40103 SET TIME_ZONE='+00:00' */;
/*!40014 SET @OLD_UNIQUE_CHECKS=@@UNIQUE_CHECKS, UNIQUE_CHECKS=0 */;
/*!40014 SET @OLD_FOREIGN_KEY_CHECKS=@@FOREIGN_KEY_CHECKS, FOREIGN_KEY_CHECKS=0 */;
/*!40101 SET @OLD_SQL_MODE=@@SQL_MODE, SQL_MODE='NO_AUTO_VALUE_ON_ZERO' */;
/*!40111 SET @OLD_SQL_NOTES=@@SQL_NOTES, SQL_NOTES=0 */;

--
-- Table structure for table `Calories`
--

DROP TABLE IF EXISTS `Calories`;
/*!40101 SET @saved_cs_client     = @@character_set_client */;
/*!50503 SET character_set_client = utf8mb4 */;
CREATE TABLE `Calories` (
  `id` int unsigned NOT NULL AUTO_INCREMENT,
  `idUser` int NOT NULL,
  `Type` varchar(45) NOT NULL,
  `Title` varchar(224) NOT NULL,
  `Content` varchar(224) NOT NULL,
  `Calories` int NOT NULL,
  `Time` datetime NOT NULL,
  PRIMARY KEY (`id`)
) ENGINE=InnoDB AUTO_INCREMENT=72 DEFAULT CHARSET=utf8mb3;
/*!40101 SET character_set_client = @saved_cs_client */;

--
-- Dumping data for table `Calories`
--

LOCK TABLES `Calories` WRITE;
/*!40000 ALTER TABLE `Calories` DISABLE KEYS */;
INSERT INTO `Calories` VALUES (44,12,'Intake','breakfast','noodle',352,'2023-02-19 08:00:00'),(45,12,'Burn','walk','take delivery',60,'2023-02-19 17:45:00'),(46,12,'Intake','1','1',50,'2023-02-19 15:46:00'),(47,12,'Intake','test','test',246,'2023-02-20 15:51:00'),(48,12,'Intake','午餐','牛肉粉',349,'2023-02-21 13:14:00'),(49,12,'Intake','Breakfast','Noodle',326,'2023-02-27 10:30:00'),(50,12,'Intake','breakfast','111',376,'2023-03-02 15:48:00'),(51,12,'Intake','Breakfast','Bread',220,'2023-03-14 11:41:00'),(52,12,'Intake','Coffee','Ice latte',334,'2023-03-24 12:59:00'),(53,12,'Intake','Eat','Fish',263,'2023-03-26 22:36:00'),(54,12,'Intake','1','2',3,'2023-03-26 00:38:00'),(55,12,'Intake','1','1',123,'2023-03-26 00:41:00'),(56,12,'Intake','Lunch','Noodle',348,'2023-03-31 12:30:00'),(57,12,'Intake','Lunch','The Meatfielder Pizza',849,'2023-04-01 12:23:00'),(58,12,'Burn','Work out','Pamela full body',130,'2023-04-01 14:07:00'),(59,12,'Intake','Lunch','Noodle',597,'2023-04-02 12:05:00'),(60,12,'Intake','Test','Test',367,'2023-04-06 17:13:00'),(61,12,'Intake','Test','Test',1,'2023-04-08 13:41:00'),(62,12,'Intake','123','123',272,'2023-04-09 21:24:00'),(63,12,'Intake','321','321',863,'2023-04-09 21:27:00'),(65,20,'Intake','vb','b',100,'2023-04-11 23:01:00'),(66,20,'Intake','1','1',100000,'2023-04-11 23:02:00'),(67,20,'Intake','1','1',999999999,'2023-04-11 23:02:00'),(68,12,'Intake','Breakfast','Egg & Cheese McMuffin',347,'2023-04-13 08:15:00'),(69,12,'Intake','Lunch','Chilli crab scramble',849,'2023-04-13 12:51:00'),(70,12,'Intake','Test','testing',365,'2023-04-15 09:40:00'),(71,12,'Intake','testing','testing',228,'2023-04-15 09:56:00');
/*!40000 ALTER TABLE `Calories` ENABLE KEYS */;
UNLOCK TABLES;

--
-- Table structure for table `CaloriesOverall`
--

DROP TABLE IF EXISTS `CaloriesOverall`;
/*!40101 SET @saved_cs_client     = @@character_set_client */;
/*!50503 SET character_set_client = utf8mb4 */;
CREATE TABLE `CaloriesOverall` (
  `id` int NOT NULL AUTO_INCREMENT,
  `idUser` int NOT NULL,
  `Intake` int NOT NULL,
  `Burn` int NOT NULL,
  `Sum` int NOT NULL,
  `Date` datetime NOT NULL,
  PRIMARY KEY (`id`)
) ENGINE=InnoDB AUTO_INCREMENT=66 DEFAULT CHARSET=utf8mb3;
/*!40101 SET character_set_client = @saved_cs_client */;

--
-- Dumping data for table `CaloriesOverall`
--

LOCK TABLES `CaloriesOverall` WRITE;
/*!40000 ALTER TABLE `CaloriesOverall` DISABLE KEYS */;
INSERT INTO `CaloriesOverall` VALUES (5,12,0,0,0,'2023-02-17 21:59:58'),(6,12,0,0,0,'2023-02-18 14:02:12'),(7,12,402,60,342,'2023-02-19 17:50:51'),(8,12,246,0,246,'2023-02-20 22:35:40'),(9,12,349,0,349,'2023-02-21 18:47:14'),(10,12,326,0,326,'2023-02-27 16:12:29'),(11,12,0,0,0,'2023-03-01 19:31:23'),(12,12,376,0,376,'2023-03-02 22:17:34'),(13,12,0,0,0,'2023-03-03 21:40:21'),(14,12,0,0,0,'2023-03-12 22:10:03'),(15,12,0,0,0,'2023-03-13 22:46:59'),(16,12,220,0,220,'2023-03-14 21:34:02'),(17,12,0,0,0,'2023-03-15 23:18:53'),(18,13,0,0,0,'2023-03-15 23:15:53'),(19,14,0,0,0,'2023-03-15 23:17:29'),(20,12,0,0,0,'2023-03-16 14:54:43'),(21,12,0,0,0,'2023-03-17 20:41:56'),(22,12,0,0,0,'2023-03-18 07:41:07'),(23,16,0,0,0,'2023-03-18 07:40:28'),(24,12,0,0,0,'2023-03-19 18:45:17'),(25,12,0,0,0,'2023-03-20 17:04:28'),(26,12,0,0,0,'2023-03-21 20:07:24'),(27,12,0,0,0,'2023-03-22 19:11:18'),(28,12,0,0,0,'2023-03-23 20:00:43'),(29,12,334,0,334,'2023-03-24 19:38:49'),(30,12,0,0,0,'2023-03-25 19:01:03'),(31,12,389,0,389,'2023-03-26 23:57:52'),(32,12,0,0,0,'2023-03-27 16:04:41'),(33,13,0,0,0,'2023-03-26 23:52:22'),(34,13,0,0,0,'2023-03-27 00:01:23'),(35,14,0,0,0,'2023-03-27 00:01:48'),(36,12,0,0,0,'2023-03-28 16:55:06'),(37,12,0,0,0,'2023-03-30 14:21:51'),(38,12,348,0,348,'2023-03-31 17:36:09'),(39,12,849,130,719,'2023-04-01 15:00:42'),(40,12,597,0,597,'2023-04-02 16:53:40'),(41,12,0,0,0,'2023-04-04 19:25:01'),(42,12,0,0,0,'2023-04-05 10:04:36'),(43,12,367,0,367,'2023-04-06 22:56:41'),(44,12,0,0,0,'2023-04-07 17:14:45'),(45,12,1,0,1,'2023-04-08 14:07:26'),(46,12,1135,0,1135,'2023-04-09 23:59:17'),(47,13,0,0,0,'2023-04-09 20:47:43'),(48,17,0,0,0,'2023-04-09 20:52:00'),(49,11,0,0,0,'2023-04-09 21:04:47'),(50,14,0,0,0,'2023-04-09 23:28:44'),(51,12,0,0,0,'2023-04-10 21:31:28'),(52,18,0,0,0,'2023-04-10 19:18:36'),(53,20,1000100099,0,1000100099,'2023-04-11 16:09:46'),(54,12,0,0,0,'2023-04-11 16:40:35'),(55,12,0,0,0,'2023-04-12 22:44:00'),(56,12,1196,0,1196,'2023-04-13 05:08:20'),(57,21,0,0,0,'2023-04-13 12:33:12'),(58,22,0,0,0,'2023-04-13 14:29:22'),(59,20,0,0,0,'2023-04-14 15:29:12'),(60,12,593,0,593,'2023-04-15 13:41:57'),(61,12,0,0,0,'2023-04-17 20:07:07'),(62,12,0,0,0,'2023-04-18 23:29:01'),(63,12,0,0,0,'2023-04-19 18:40:39'),(64,12,0,0,0,'2023-04-20 23:45:31'),(65,12,0,0,0,'2023-04-21 23:14:54');
/*!40000 ALTER TABLE `CaloriesOverall` ENABLE KEYS */;
UNLOCK TABLES;

--
-- Table structure for table `Goals`
--

DROP TABLE IF EXISTS `Goals`;
/*!40101 SET @saved_cs_client     = @@character_set_client */;
/*!50503 SET character_set_client = utf8mb4 */;
CREATE TABLE `Goals` (
  `id` int NOT NULL AUTO_INCREMENT,
  `idUser` int NOT NULL,
  `Calories` int NOT NULL,
  `Steps` int NOT NULL,
  `Training` int NOT NULL,
  `Water` int NOT NULL,
  `Sleep` float NOT NULL,
  PRIMARY KEY (`id`),
  UNIQUE KEY `idUser_UNIQUE` (`idUser`)
) ENGINE=InnoDB AUTO_INCREMENT=11 DEFAULT CHARSET=utf8mb3;
/*!40101 SET character_set_client = @saved_cs_client */;

--
-- Dumping data for table `Goals`
--

LOCK TABLES `Goals` WRITE;
/*!40000 ALTER TABLE `Goals` DISABLE KEYS */;
INSERT INTO `Goals` VALUES (2,12,1800,8000,70,2000,8),(4,11,1800,10000,60,2000,8),(5,18,1800,10000,60,2000,8),(6,20,1800,10000,60,2000,8),(9,21,1800,10000,60,2000,8),(10,22,1800,10000,60,2000,8);
/*!40000 ALTER TABLE `Goals` ENABLE KEYS */;
UNLOCK TABLES;

--
-- Table structure for table `HeartRate`
--

DROP TABLE IF EXISTS `HeartRate`;
/*!40101 SET @saved_cs_client     = @@character_set_client */;
/*!50503 SET character_set_client = utf8mb4 */;
CREATE TABLE `HeartRate` (
  `id` int NOT NULL AUTO_INCREMENT,
  `idUser` int DEFAULT NULL,
  `HeartRate` int DEFAULT NULL,
  `Date` datetime DEFAULT NULL,
  PRIMARY KEY (`id`)
) ENGINE=InnoDB DEFAULT CHARSET=utf8mb3;
/*!40101 SET character_set_client = @saved_cs_client */;

--
-- Dumping data for table `HeartRate`
--

LOCK TABLES `HeartRate` WRITE;
/*!40000 ALTER TABLE `HeartRate` DISABLE KEYS */;
/*!40000 ALTER TABLE `HeartRate` ENABLE KEYS */;
UNLOCK TABLES;

--
-- Table structure for table `Medication`
--

DROP TABLE IF EXISTS `Medication`;
/*!40101 SET @saved_cs_client     = @@character_set_client */;
/*!50503 SET character_set_client = utf8mb4 */;
CREATE TABLE `Medication` (
  `id` int NOT NULL AUTO_INCREMENT,
  `idUser` int NOT NULL,
  `Type` varchar(45) NOT NULL,
  `Name` varchar(45) NOT NULL,
  `Dose` float NOT NULL,
  `Date` datetime NOT NULL,
  `Status` tinyint(1) NOT NULL,
  PRIMARY KEY (`id`)
) ENGINE=InnoDB AUTO_INCREMENT=44 DEFAULT CHARSET=utf8mb3;
/*!40101 SET character_set_client = @saved_cs_client */;

--
-- Dumping data for table `Medication`
--

LOCK TABLES `Medication` WRITE;
/*!40000 ALTER TABLE `Medication` DISABLE KEYS */;
INSERT INTO `Medication` VALUES (1,12,'Capsule','Aspirin',0.5,'2023-02-27 20:10:00',0),(3,12,'Capsule','testing',1,'2023-03-02 12:00:00',1),(4,12,'Liquid','Tylenol Suspension',30,'2023-03-01 20:10:00',0),(6,12,'Capsule','Aspirin',1,'2023-03-02 13:00:00',0),(7,12,'Capsule','Aspirin',1,'2023-03-02 17:00:00',0),(8,12,'Capsule','Tylenol',1,'2023-03-01 20:20:00',0),(9,12,'Capsule','Aspirin',1,'2023-03-02 09:00:00',0),(10,12,'Capsule','1',1,'2023-03-02 14:02:00',0),(13,12,'Capsule','Asprin',0.5,'2023-03-13 21:00:00',1),(14,12,'Capsule','123',1,'2023-03-13 22:08:00',0),(15,12,'Capsule','321',2,'2023-03-13 22:09:00',0),(17,12,'Capsule','1',2,'2023-03-25 04:05:00',1),(18,12,'Capsule','2',1,'2023-03-25 04:10:00',1),(19,12,'Capsule','3',1,'2023-03-25 04:15:00',1),(20,12,'Tablet','5',1,'2023-03-25 04:19:00',1),(21,12,'Capsule','6',2,'2023-03-25 04:22:00',1),(22,12,'Capsule','Test',2,'2023-03-28 15:05:00',0),(23,12,'Capsule','Aspirin',2,'2023-03-28 15:06:00',0),(24,12,'Liquid','1',2,'2023-03-28 15:08:00',0),(25,12,'Capsule','Aspirin',1,'2023-03-31 14:45:00',0),(26,12,'Capsule','Aspirin',1,'2023-04-06 20:25:00',0),(28,12,'Capsule','1',1,'2023-04-11 02:25:00',0),(29,12,'Capsule','3',1,'2023-04-08 13:37:00',1),(30,12,'Capsule','2',2,'2023-04-08 14:47:00',0),(31,12,'Capsule','Aspirin',1,'2023-04-10 12:00:00',1),(32,12,'Tablet','Strepsils',2,'2023-04-10 12:30:00',1),(33,12,'Tablet','Strepsils',2,'2023-04-10 18:30:00',0),(34,20,'Capsule','sb',11,'2023-04-11 00:00:00',0),(35,20,'Capsule','精子',20,'2023-04-11 00:00:00',0),(36,20,'Capsule','叶泽的屎',20,'2023-04-28 00:00:00',0),(37,12,'Tablet','Strepsils',5,'2023-04-13 09:00:00',1),(38,12,'Tablet','Strepsil',5,'2023-04-13 14:00:00',1),(39,12,'Tablet','Strepsils',5,'2023-04-13 19:00:00',0),(40,12,'Tablet','Strepsils',5,'2023-04-14 09:00:00',0),(41,12,'Capsule','1',1,'2023-04-15 09:57:00',0),(42,12,'Capsule','Aspirin',2,'2023-04-21 09:00:00',0),(43,12,'Tablet','Strepsils',5,'2023-04-22 09:00:00',0);
/*!40000 ALTER TABLE `Medication` ENABLE KEYS */;
UNLOCK TABLES;

--
-- Table structure for table `News`
--

DROP TABLE IF EXISTS `News`;
/*!40101 SET @saved_cs_client     = @@character_set_client */;
/*!50503 SET character_set_client = utf8mb4 */;
CREATE TABLE `News` (
  `id` int NOT NULL AUTO_INCREMENT,
  `Title` varchar(225) NOT NULL,
  `Content` text NOT NULL,
  `Date` date NOT NULL,
  `Author` varchar(45) NOT NULL,
  `Image` varchar(225) DEFAULT NULL,
  PRIMARY KEY (`id`)
) ENGINE=InnoDB AUTO_INCREMENT=8 DEFAULT CHARSET=utf8mb3;
/*!40101 SET character_set_client = @saved_cs_client */;

--
-- Dumping data for table `News`
--

LOCK TABLES `News` WRITE;
/*!40000 ALTER TABLE `News` DISABLE KEYS */;
INSERT INTO `News` VALUES (4,'Drink Less','Cutting back on the booze can be a really effective way to improve your health, boost your energy, lose weight and save money.\n\nAny reduction in the amount you drink every week will be beneficial – and with the right help, it\'s easier than you think.\n\nWe have some simple tips and tools to help you start cutting down today. Let\'s do this!','2023-02-14','NHS','https://assets.nhs.uk/campaigns-cms-prod/images/card-drink-less-compressed.width-640.jpg'),(5,'Lose Weight','If you\'re overweight, losing weight has many health benefits. Making small, simple changes to what and how much you are eating and drinking can really help you lose the pounds.','2023-02-14','NHS','https://assets.nhs.uk/campaigns-cms-prod/images/card-lose-weight-resize_Ut37P9y.width-640.jpg'),(6,'Get Active','t\'s the perfect time to get active. No matter how much you do, physical activity is good for your body and mind. Adults should aim to be active every day. Some is good – more is better still.\n\nA daily brisk walk can give your body a boost, lift your mood and make everyday activities easier.\n\nTry these tools, tips and special offers to move more every day.','2023-02-14','NHS','https://assets.nhs.uk/campaigns-cms-prod/images/card-get-active-skipping.width-640.jpg'),(7,'Quit smoking','Stopping smoking is one of the best things you will ever do for your health. Quitting is much easier when you get the right support and there are lots of options to choose from.\n\nEven if you’ve tried before, maybe more than once, you can still succeed. What you’ve already learned will help you reach your goal of becoming an ex-smoker.\n\nCheck out our advice, tools and tips. Let’s do this!','2023-02-14','NHS','https://assets.nhs.uk/campaigns-cms-prod/images/header-smoking-lungs-cut-out-whole_HHWHaNx.width-640.png');
/*!40000 ALTER TABLE `News` ENABLE KEYS */;
UNLOCK TABLES;

--
-- Table structure for table `Period`
--

DROP TABLE IF EXISTS `Period`;
/*!40101 SET @saved_cs_client     = @@character_set_client */;
/*!50503 SET character_set_client = utf8mb4 */;
CREATE TABLE `Period` (
  `id` int NOT NULL AUTO_INCREMENT,
  `idUser` int DEFAULT NULL,
  `PainLevel` int DEFAULT NULL,
  `Temperature` float DEFAULT NULL,
  `Emotion` varchar(45) DEFAULT NULL,
  `Date` datetime DEFAULT NULL,
  `Menstruation` tinyint(1) DEFAULT NULL,
  PRIMARY KEY (`id`)
) ENGINE=InnoDB DEFAULT CHARSET=utf8mb3;
/*!40101 SET character_set_client = @saved_cs_client */;

--
-- Dumping data for table `Period`
--

LOCK TABLES `Period` WRITE;
/*!40000 ALTER TABLE `Period` DISABLE KEYS */;
/*!40000 ALTER TABLE `Period` ENABLE KEYS */;
UNLOCK TABLES;

--
-- Table structure for table `Sleep`
--

DROP TABLE IF EXISTS `Sleep`;
/*!40101 SET @saved_cs_client     = @@character_set_client */;
/*!50503 SET character_set_client = utf8mb4 */;
CREATE TABLE `Sleep` (
  `id` int NOT NULL AUTO_INCREMENT,
  `idUser` int DEFAULT NULL,
  `Temperature` float DEFAULT NULL,
  `Pressure` float DEFAULT NULL,
  `Light` float DEFAULT NULL,
  `Humidity` float DEFAULT NULL,
  `StartTime` datetime NOT NULL,
  `EndTime` datetime NOT NULL,
  PRIMARY KEY (`id`)
) ENGINE=InnoDB AUTO_INCREMENT=64 DEFAULT CHARSET=utf8mb3;
/*!40101 SET character_set_client = @saved_cs_client */;

--
-- Dumping data for table `Sleep`
--

LOCK TABLES `Sleep` WRITE;
/*!40000 ALTER TABLE `Sleep` DISABLE KEYS */;
INSERT INTO `Sleep` VALUES (1,12,15.2,1000.26,34.2,62,'2023-03-04 22:25:00','2023-03-05 08:34:00'),(2,12,14.2,9950.26,4.2,58,'2023-03-05 23:25:00','2023-03-06 08:34:00'),(4,12,17,1000.5,2,53,'2023-03-05 23:39:00','2023-03-05 23:41:12'),(6,12,17,1000.5,2,53,'2023-03-05 23:50:00','2023-03-05 23:41:57'),(8,12,17,1000.5,2,53,'2023-03-05 23:55:00','2023-03-06 17:43:28'),(9,12,-2.102,1036.25,2631.56,24.9688,'2023-03-06 17:55:31','2023-03-06 17:56:05'),(10,12,0,990.168,170.3,0,'2023-03-06 18:50:48','2023-03-06 23:23:51'),(11,12,0,990.075,73.3038,0,'2023-03-06 18:59:09','2023-03-06 19:01:25'),(12,12,12.4829,885.75,2947.31,23.1875,'2023-03-06 19:00:09','2023-03-06 19:16:41'),(13,12,12.63,1013.25,0,43.6875,'2023-03-07 12:10:16','2023-03-07 12:12:18'),(14,12,0,999.385,239.637,0,'2023-03-15 13:39:06','2023-03-15 13:39:09'),(15,12,0,985.126,170.496,0,'2023-03-22 16:20:52','2023-03-22 16:49:06'),(16,12,0,982.971,573.375,0,'2023-03-25 03:48:15','2023-03-25 03:48:21'),(17,12,0,1013.21,610.273,0,'2023-03-27 01:10:44','2023-03-27 01:10:54'),(18,12,0,1013.21,616.167,0,'2023-03-27 01:11:06','2023-03-27 01:11:08'),(21,12,0,1013.31,620.812,0,'2023-03-27 01:27:29','2023-03-27 00:28:11'),(22,12,0,1013.4,331.444,0,'2023-03-27 01:33:48','2023-03-27 01:34:02'),(23,12,0,1013.63,9.5,0,'2023-03-27 02:33:38','2023-03-27 03:08:10'),(24,12,0,1015.6,15.5938,0,'2023-03-27 03:08:16','2023-03-27 11:16:28'),(25,12,0,978.606,119.125,0,'2023-03-31 14:37:59','2023-03-31 14:38:04'),(26,12,0,1014.89,585.5,0,'2023-04-04 18:01:38','2023-04-04 18:01:38'),(27,12,0,1014.61,298.478,0,'2023-04-04 19:09:07','2023-04-04 19:24:58'),(28,12,0,1011.46,20.575,0,'2023-04-07 03:05:05','2023-04-07 10:25:52'),(54,12,0,1017.22,609,0,'2023-04-08 13:26:37','2023-04-08 13:26:38'),(55,12,0,1017.24,541.381,0,'2023-04-08 13:26:41','2023-04-08 13:26:59'),(56,12,14.2,9950.26,4.2,58,'2023-04-09 23:25:00','2023-04-10 06:34:00'),(58,20,0,0,41.501,0,'2023-04-11 22:49:26','2023-04-11 15:50:44'),(59,12,14.2,9950.26,4.2,58,'2023-04-12 23:25:00','2023-04-13 06:34:00'),(60,21,0,0,14.04,0,'2023-04-13 12:23:49','2023-04-13 12:24:03'),(61,21,0,0,7.5,0,'2023-04-13 12:25:42','2023-04-13 12:26:08'),(62,12,5.75,1024.75,982.5,6.5625,'2023-04-15 08:57:26','2023-04-15 09:57:46'),(63,12,5.75,1024.75,982.5,6.5625,'2023-04-20 23:47:26','2023-04-21 07:23:46');
/*!40000 ALTER TABLE `Sleep` ENABLE KEYS */;
UNLOCK TABLES;

--
-- Table structure for table `TrainingLocations`
--

DROP TABLE IF EXISTS `TrainingLocations`;
/*!40101 SET @saved_cs_client     = @@character_set_client */;
/*!50503 SET character_set_client = utf8mb4 */;
CREATE TABLE `TrainingLocations` (
  `id` int NOT NULL AUTO_INCREMENT,
  `idTraining` int NOT NULL,
  `Latitude` float NOT NULL,
  `Longitude` float NOT NULL,
  PRIMARY KEY (`id`)
) ENGINE=InnoDB AUTO_INCREMENT=2055 DEFAULT CHARSET=utf8mb3;
/*!40101 SET character_set_client = @saved_cs_client */;

--
-- Dumping data for table `TrainingLocations`
--

LOCK TABLES `TrainingLocations` WRITE;
/*!40000 ALTER TABLE `TrainingLocations` DISABLE KEYS */;
INSERT INTO `TrainingLocations` VALUES (66,24,53.3813,-1.47087),(67,24,53.3518,-1.42143),(68,-1,53.3518,-1.42143),(69,-1,53.3554,-1.41104),(70,-1,53.3514,-1.40435),(71,25,53.3514,-1.40435),(72,25,53.345,-1.39551),(77,28,53.345,-1.39551),(78,28,53.3327,-1.37886),(79,28,53.3318,-1.38553),(80,28,53.3339,-1.39351),(81,29,53.3848,-1.47181),(82,29,53.3846,-1.47186),(83,29,53.3833,-1.47553),(84,29,53.383,-1.47776),(85,29,53.3825,-1.47939),(86,29,53.3822,-1.48115),(87,30,53.3849,-1.47389),(88,30,53.3848,-1.47322),(89,30,53.3845,-1.4723),(90,30,53.3841,-1.47294),(91,30,53.3838,-1.47353),(92,30,53.3836,-1.47416),(93,30,53.3834,-1.47487),(94,30,53.3833,-1.47551),(95,30,53.3832,-1.47631),(96,30,53.3831,-1.47707),(97,30,53.3829,-1.47781),(98,30,53.3828,-1.47845),(99,30,53.3826,-1.47922),(100,30,53.3824,-1.4799),(101,31,53.3847,-1.47297),(102,31,53.3846,-1.47243),(103,31,53.3848,-1.47186),(104,31,53.3849,-1.47145),(105,31,53.3833,-1.47529),(106,31,53.3826,-1.47938),(107,31,53.3822,-1.48087),(108,31,53.3822,-1.48084),(109,32,53.3848,-1.4732),(110,32,53.3846,-1.47247),(111,32,53.3848,-1.47186),(112,32,53.3851,-1.47122),(113,32,53.3854,-1.47067),(114,32,53.3854,-1.47044),(115,32,53.385,-1.47133),(116,32,53.3845,-1.4721),(117,32,53.3841,-1.47297),(118,32,53.3836,-1.47378),(119,32,53.3834,-1.47438),(120,32,53.3833,-1.47528),(121,32,53.3832,-1.4761),(122,32,53.3831,-1.47705),(123,32,53.3829,-1.47795),(124,32,53.3827,-1.47879),(125,32,53.3825,-1.47959),(126,32,53.3823,-1.48044),(127,32,53.3821,-1.48126),(242,-1,53.3847,-1.47306),(243,-1,53.3846,-1.47252),(244,-1,53.3844,-1.47246),(245,-1,53.3842,-1.4728),(246,-1,53.384,-1.47316),(247,-1,53.3838,-1.47351),(248,-1,53.3837,-1.47388),(249,-1,53.3835,-1.47426),(250,-1,53.3834,-1.47474),(251,-1,53.3834,-1.47512),(252,-1,53.3833,-1.47555),(253,-1,53.3832,-1.47599),(254,-1,53.3832,-1.47646),(255,-1,53.3831,-1.47689),(256,-1,53.383,-1.47734),(257,-1,53.383,-1.47777),(258,-1,53.3829,-1.47818),(259,-1,53.3827,-1.47862),(260,-1,53.3826,-1.479),(261,-1,53.3825,-1.47947),(262,-1,53.3824,-1.47987),(263,-1,53.3823,-1.48032),(264,-1,53.3822,-1.48077),(265,-1,53.3822,-1.48115),(266,-1,53.3821,-1.48162),(267,-1,53.382,-1.48205),(268,-1,53.382,-1.48249),(269,-1,53.382,-1.48291),(270,-1,53.382,-1.48336),(271,-1,53.382,-1.48381),(272,-1,53.3819,-1.4842),(273,-1,53.382,-1.48456),(274,-1,53.382,-1.48489),(275,-1,53.382,-1.48535),(276,-1,53.3819,-1.48575),(277,-1,53.3818,-1.48613),(278,-1,53.3816,-1.48653),(279,-1,53.3815,-1.48691),(280,-1,53.3814,-1.48728),(281,-1,53.3813,-1.48771),(282,-1,53.3812,-1.48811),(283,-1,53.3813,-1.4884),(284,-1,53.385,-1.47415),(285,-1,53.3849,-1.47355),(286,-1,53.385,-1.47413),(287,-1,53.3849,-1.47394),(288,-1,53.3849,-1.47372),(289,-1,53.3832,-1.47661),(290,-1,53.3831,-1.47675),(291,36,53.3822,-1.4808),(292,36,53.3821,-1.48151),(293,37,53.3847,-1.47303),(294,37,53.3849,-1.47368),(295,37,53.3848,-1.47306),(296,37,53.3846,-1.47249),(297,37,53.3844,-1.47249),(298,37,53.3842,-1.47282),(299,37,53.384,-1.47316),(300,37,53.3838,-1.47369),(301,37,53.3835,-1.47437),(302,37,53.3834,-1.47505),(303,37,53.3833,-1.4758),(304,37,53.3832,-1.47663),(305,37,53.3831,-1.47729),(306,37,53.383,-1.47767),(307,37,53.3829,-1.47782),(308,37,53.3829,-1.47795),(309,37,53.3829,-1.47807),(310,37,53.3828,-1.47821),(311,37,53.3828,-1.47836),(312,37,53.3828,-1.4785),(313,37,53.3827,-1.47862),(314,37,53.3827,-1.47877),(315,37,53.3827,-1.4789),(316,37,53.3826,-1.47904),(317,37,53.3826,-1.47918),(318,37,53.3826,-1.4793),(319,37,53.3825,-1.47945),(320,37,53.3825,-1.47959),(321,37,53.3825,-1.47972),(322,37,53.3824,-1.47985),(323,37,53.3824,-1.47999),(324,37,53.3824,-1.48013),(325,37,53.3823,-1.48027),(326,37,53.3823,-1.48039),(327,37,53.3823,-1.48053),(328,37,53.3822,-1.48067),(329,37,53.3822,-1.48083),(330,37,53.3822,-1.48097),(331,37,53.3822,-1.4811),(332,37,53.3821,-1.48124),(333,37,53.3821,-1.4814),(334,37,53.3821,-1.48153),(335,37,53.3821,-1.48167),(336,37,53.382,-1.48183),(337,37,53.382,-1.48198),(338,-1,53.3819,-1.48412),(339,38,53.382,-1.4854),(340,38,53.382,-1.48553),(341,39,53.385,-1.47402),(342,39,53.3849,-1.47383),(343,39,53.3849,-1.47365),(344,39,53.3848,-1.47345),(345,39,53.3848,-1.47309),(346,39,53.3847,-1.4727),(347,39,53.3845,-1.47233),(348,39,53.3844,-1.4725),(349,39,53.3842,-1.47272),(350,39,53.3841,-1.47294),(351,39,53.384,-1.47318),(352,39,53.3839,-1.4734),(353,39,53.3838,-1.47367),(354,39,53.3837,-1.47393),(355,39,53.3836,-1.47418),(356,39,53.3835,-1.47444),(357,39,53.3834,-1.47474),(358,39,53.3834,-1.47501),(359,39,53.3833,-1.47533),(360,39,53.3833,-1.47562),(361,39,53.3832,-1.47592),(362,39,53.3832,-1.47623),(363,39,53.3832,-1.47654),(364,39,53.3831,-1.47683),(365,39,53.3831,-1.47713),(366,39,53.383,-1.47741),(367,39,53.383,-1.47769),(368,39,53.3829,-1.47796),(369,39,53.3828,-1.47825),(370,39,53.3828,-1.47853),(371,39,53.3827,-1.4788),(372,39,53.3826,-1.47907),(373,39,53.3826,-1.47936),(374,39,53.3825,-1.47963),(375,39,53.3824,-1.47989),(376,39,53.3824,-1.48014),(377,39,53.3823,-1.48043),(378,39,53.3822,-1.48072),(379,39,53.3822,-1.481),(380,39,53.3821,-1.48125),(381,39,53.3821,-1.48155),(382,39,53.382,-1.48187),(383,39,53.382,-1.48216),(384,39,53.382,-1.48248),(385,39,53.382,-1.4828),(386,39,53.382,-1.4831),(387,39,53.382,-1.48339),(388,39,53.382,-1.4837),(389,39,53.3819,-1.48395),(390,39,53.3819,-1.4842),(391,39,53.3819,-1.48449),(392,39,53.3821,-1.4846),(393,39,53.382,-1.48489),(394,39,53.382,-1.48517),(395,39,53.382,-1.48546),(396,39,53.382,-1.48546),(397,-1,53.3849,-1.47392),(398,-1,53.3849,-1.47392),(399,-1,53.3849,-1.47392),(400,-1,53.3852,-1.474),(401,-1,53.3852,-1.47419),(402,-1,53.385,-1.47455),(403,-1,53.3851,-1.47495),(404,-1,53.385,-1.47518),(405,-1,53.3848,-1.47536),(406,-1,53.3846,-1.47555),(407,-1,53.3844,-1.47546),(408,-1,53.3843,-1.47555),(409,-1,53.3839,-1.47582),(410,-1,53.3839,-1.47577),(411,-1,53.3838,-1.47565),(412,-1,53.3836,-1.47578),(413,-1,53.3834,-1.4758),(414,-1,53.3833,-1.47608),(415,-1,53.3833,-1.47648),(416,-1,53.3833,-1.47677),(417,-1,53.3832,-1.47682),(418,-1,53.3831,-1.47714),(419,-1,53.383,-1.47712),(420,-1,53.3831,-1.47731),(421,-1,53.3831,-1.47754),(422,-1,53.383,-1.47769),(423,-1,53.383,-1.47786),(424,-1,53.3829,-1.47792),(425,-1,53.3827,-1.47831),(426,-1,53.3827,-1.47871),(427,-1,53.3827,-1.479),(428,-1,53.3826,-1.47924),(429,-1,53.3825,-1.47944),(430,-1,53.3825,-1.47969),(431,-1,53.3822,-1.47965),(432,-1,53.3821,-1.47959),(433,-1,53.3819,-1.47945),(434,-1,53.3818,-1.47937),(435,-1,53.3818,-1.4794),(436,-1,53.3817,-1.47942),(437,-1,53.3816,-1.47924),(438,-1,53.3815,-1.47896),(439,-1,53.3816,-1.47918),(440,-1,53.3816,-1.47919),(441,-1,53.3816,-1.47917),(442,-1,53.3816,-1.47918),(443,-1,53.3816,-1.47915),(444,-1,53.3816,-1.47915),(445,-1,53.3813,-1.47924),(446,-1,53.3812,-1.47924),(447,-1,53.381,-1.47918),(448,-1,53.3809,-1.47917),(449,-1,53.3808,-1.47909),(450,-1,53.3807,-1.47921),(451,-1,53.3805,-1.4788),(452,-1,53.3805,-1.47883),(453,-1,53.3805,-1.47892),(454,-1,53.3802,-1.4793),(455,-1,53.3802,-1.47966),(456,-1,53.3801,-1.48015),(457,-1,53.3801,-1.48026),(458,-1,53.3799,-1.48026),(459,-1,53.3797,-1.48017),(460,-1,53.3795,-1.47991),(461,-1,53.3795,-1.48004),(462,-1,53.3795,-1.48),(463,-1,53.3798,-1.47991),(464,-1,53.3798,-1.47993),(465,-1,53.3798,-1.47992),(466,-1,53.3798,-1.47992),(467,-1,53.3845,-1.47379),(468,-1,53.3845,-1.47379),(517,48,53.385,-1.47422),(518,48,53.385,-1.47402),(519,48,53.3849,-1.47382),(520,48,53.3848,-1.47323),(521,48,53.3846,-1.4726),(522,48,53.3844,-1.47242),(523,48,53.3842,-1.47276),(524,48,53.384,-1.47309),(525,48,53.3838,-1.47347),(526,48,53.3837,-1.47387),(527,48,53.3836,-1.47424),(528,48,53.3835,-1.47466),(529,48,53.3834,-1.47502),(530,48,53.3833,-1.47549),(531,48,53.3832,-1.4759),(532,48,53.3832,-1.47636),(533,48,53.3831,-1.47679),(534,48,53.3831,-1.47722),(535,48,53.383,-1.47768),(536,48,53.3829,-1.47805),(537,48,53.3828,-1.47845),(538,48,53.3827,-1.47889),(539,48,53.3826,-1.4793),(540,48,53.3825,-1.4797),(541,48,53.3824,-1.48014),(542,48,53.3823,-1.48055),(543,48,53.3822,-1.481),(544,48,53.3821,-1.48142),(545,48,53.382,-1.48182),(546,48,53.382,-1.48232),(547,48,53.382,-1.48274),(548,48,53.382,-1.48319),(549,48,53.382,-1.48365),(550,48,53.3819,-1.48406),(551,48,53.3819,-1.48446),(552,48,53.3821,-1.4847),(553,48,53.382,-1.48513),(554,48,53.382,-1.48555),(555,48,53.3818,-1.48598),(556,48,53.3817,-1.48631),(557,48,53.3816,-1.48668),(558,48,53.3815,-1.48713),(559,48,53.3813,-1.48753),(560,48,53.3812,-1.48792),(561,48,53.3813,-1.48819),(562,48,53.3813,-1.4884),(563,49,53.3847,-1.47524),(564,49,53.3845,-1.47527),(565,49,53.3845,-1.47535),(566,49,53.3843,-1.4755),(567,49,53.3842,-1.47559),(568,49,53.3842,-1.47553),(569,49,53.384,-1.47572),(570,49,53.3839,-1.47585),(571,49,53.3838,-1.47588),(572,49,53.3837,-1.47587),(573,49,53.3835,-1.47593),(574,49,53.3834,-1.47596),(575,49,53.3833,-1.47596),(576,49,53.3833,-1.47608),(577,49,53.3833,-1.47631),(578,49,53.3833,-1.47657),(579,49,53.3833,-1.47673),(580,49,53.3833,-1.47688),(581,49,53.3834,-1.47706),(582,49,53.3834,-1.47726),(583,49,53.383,-1.47713),(584,49,53.383,-1.47713),(585,49,53.3829,-1.47727),(586,49,53.3829,-1.4774),(587,49,53.3828,-1.4774),(588,49,53.3828,-1.47729),(589,49,53.3827,-1.47736),(590,49,53.3826,-1.47748),(591,49,53.3823,-1.47741),(592,49,53.3822,-1.47731),(593,49,53.382,-1.47703),(594,49,53.3818,-1.47696),(595,49,53.3818,-1.47697),(596,49,53.3817,-1.477),(597,49,53.3817,-1.47699),(598,49,53.3816,-1.47718),(599,49,53.3815,-1.4774),(600,49,53.3815,-1.47752),(601,49,53.3815,-1.47772),(602,49,53.3816,-1.47793),(603,49,53.3816,-1.47808),(604,49,53.3816,-1.47832),(605,49,53.3817,-1.47847),(606,49,53.3816,-1.47872),(607,49,53.3816,-1.47889),(608,49,53.3816,-1.47901),(609,49,53.3815,-1.47904),(610,49,53.3814,-1.47909),(611,49,53.3812,-1.47923),(612,49,53.3811,-1.47924),(613,49,53.3811,-1.47913),(614,49,53.381,-1.47911),(615,49,53.3811,-1.47907),(616,49,53.381,-1.47917),(617,49,53.381,-1.47917),(618,50,53.3813,-1.47919),(619,50,53.3813,-1.47921),(620,50,53.3813,-1.47932),(621,50,53.3814,-1.47933),(622,50,53.3815,-1.47951),(623,50,53.3814,-1.47962),(624,50,53.3814,-1.47975),(625,50,53.3814,-1.47985),(626,50,53.3813,-1.47997),(627,50,53.3813,-1.48013),(628,50,53.3814,-1.48034),(629,50,53.3814,-1.48057),(630,50,53.3813,-1.48077),(631,50,53.3813,-1.48088),(632,50,53.3813,-1.48097),(633,50,53.3814,-1.48103),(634,50,53.3814,-1.48121),(635,50,53.3814,-1.48135),(636,50,53.3814,-1.4815),(637,50,53.3814,-1.48158),(638,50,53.3813,-1.48173),(639,51,53.3852,-1.47425),(640,51,53.3848,-1.47433),(641,51,53.3849,-1.47442),(642,51,53.385,-1.47459),(643,51,53.385,-1.47478),(644,51,53.3851,-1.47503),(645,51,53.3851,-1.47521),(646,51,53.3849,-1.47526),(647,51,53.3847,-1.47519),(648,51,53.3846,-1.47522),(649,51,53.3844,-1.47528),(650,51,53.3843,-1.47534),(651,51,53.3843,-1.47552),(652,51,53.3843,-1.47561),(653,51,53.3843,-1.47561),(654,51,53.3843,-1.47559),(655,51,53.3842,-1.47556),(656,51,53.3841,-1.47558),(657,51,53.3839,-1.4756),(658,51,53.3838,-1.47563),(659,51,53.3836,-1.47563),(660,51,53.3834,-1.4758),(661,51,53.3833,-1.47585),(662,51,53.3832,-1.47594),(663,51,53.3832,-1.47609),(664,51,53.3832,-1.47626),(665,51,53.3831,-1.47647),(666,51,53.3831,-1.47668),(667,51,53.383,-1.47685),(668,51,53.3829,-1.47699),(669,51,53.3829,-1.47714),(670,51,53.3829,-1.47733),(671,51,53.3828,-1.4775),(672,51,53.3828,-1.4777),(673,51,53.3829,-1.47803),(674,51,53.383,-1.47825),(675,51,53.3831,-1.47838),(676,51,53.3831,-1.47855),(677,51,53.3832,-1.47849),(678,51,53.3832,-1.47842),(679,51,53.3834,-1.47828),(680,51,53.3835,-1.47816),(681,52,53.3833,-1.47849),(682,52,53.3832,-1.4785),(683,52,53.383,-1.47848),(684,52,53.3829,-1.47857),(685,52,53.3828,-1.4785),(686,52,53.3827,-1.47855),(687,52,53.3827,-1.4786),(688,52,53.3827,-1.47874),(689,52,53.3826,-1.47888),(690,52,53.3826,-1.47902),(691,52,53.3826,-1.47918),(692,52,53.3826,-1.47932),(693,52,53.3826,-1.47943),(694,52,53.3826,-1.47951),(695,52,53.3825,-1.47953),(696,52,53.3825,-1.47963),(697,52,53.3824,-1.47972),(698,52,53.3822,-1.47979),(699,52,53.3822,-1.47987),(700,52,53.382,-1.47977),(701,52,53.3819,-1.47972),(702,52,53.3817,-1.47964),(703,52,53.3816,-1.47964),(704,52,53.3815,-1.47955),(705,52,53.3813,-1.47953),(706,52,53.3813,-1.47931),(707,52,53.3814,-1.479),(708,52,53.3814,-1.47881),(709,52,53.3815,-1.47882),(710,52,53.3814,-1.47887),(711,52,53.3814,-1.47887),(712,53,53.382,-1.48356),(713,53,53.3819,-1.48375),(714,53,53.3817,-1.48379),(715,53,53.3812,-1.48401),(716,53,53.3811,-1.48397),(717,53,53.381,-1.48391),(718,53,53.3803,-1.4839),(719,53,53.3792,-1.48406),(720,53,53.3781,-1.48406),(721,53,53.3771,-1.48353),(722,53,53.3762,-1.48227),(723,53,53.3753,-1.48115),(724,53,53.3747,-1.48031),(725,53,53.3745,-1.47969),(726,53,53.3747,-1.47947),(727,53,53.3747,-1.47971),(728,53,53.3745,-1.47978),(729,53,53.3743,-1.47926),(730,53,53.3744,-1.47925),(731,53,53.3743,-1.47899),(732,53,53.3738,-1.47756),(733,53,53.3732,-1.47626),(734,53,53.3732,-1.47623),(735,53,53.3729,-1.47434),(736,53,53.3729,-1.47302),(737,53,53.3725,-1.47249),(738,53,53.3719,-1.47282),(739,53,53.3718,-1.47424),(740,53,53.3718,-1.47481),(741,53,53.3719,-1.47451),(742,53,53.3718,-1.47456),(743,53,53.3719,-1.47452),(744,53,53.372,-1.4744),(745,53,53.372,-1.47433),(746,53,53.3721,-1.47424),(747,53,53.3722,-1.47417),(748,53,53.3722,-1.47404),(749,53,53.3722,-1.4739),(750,53,53.3723,-1.47379),(751,53,53.3724,-1.47372),(752,53,53.3725,-1.47359),(753,53,53.3725,-1.47345),(754,53,53.3725,-1.47329),(755,53,53.3725,-1.47302),(756,53,53.3725,-1.47291),(757,53,53.3726,-1.47301),(758,53,53.3727,-1.47315),(759,53,53.3727,-1.47338),(760,53,53.3727,-1.47347),(761,53,53.3726,-1.47335),(762,53,53.3726,-1.47321),(763,53,53.3727,-1.47315),(764,53,53.3729,-1.47306),(765,53,53.3729,-1.473),(766,53,53.373,-1.47299),(767,53,53.373,-1.47309),(768,53,53.3731,-1.47323),(769,53,53.3732,-1.4732),(770,53,53.3733,-1.47324),(771,53,53.3735,-1.47336),(772,53,53.3736,-1.47339),(773,53,53.3737,-1.4735),(774,53,53.3738,-1.47355),(775,53,53.3739,-1.47366),(776,53,53.374,-1.4738),(777,53,53.3741,-1.47392),(778,53,53.3741,-1.47406),(779,53,53.3742,-1.47419),(780,53,53.3743,-1.47427),(781,53,53.3744,-1.47436),(782,53,53.3744,-1.47461),(783,53,53.3745,-1.47477),(784,53,53.3745,-1.47484),(785,53,53.3745,-1.47489),(786,53,53.3745,-1.47486),(787,53,53.3746,-1.47492),(788,53,53.3747,-1.47492),(789,53,53.3748,-1.47491),(790,53,53.3749,-1.47471),(791,53,53.375,-1.47451),(792,53,53.3751,-1.47441),(793,53,53.3752,-1.47438),(794,53,53.3753,-1.47438),(795,53,53.3754,-1.47431),(796,53,53.3755,-1.47424),(797,53,53.3756,-1.47418),(798,53,53.3758,-1.47404),(799,53,53.3759,-1.4739),(800,53,53.376,-1.47379),(801,53,53.376,-1.47367),(802,53,53.3761,-1.47358),(803,53,53.3762,-1.47345),(804,53,53.3763,-1.4733),(805,53,53.3764,-1.47327),(806,53,53.3765,-1.47319),(807,53,53.3765,-1.47313),(808,53,53.3766,-1.47317),(809,53,53.3767,-1.47342),(810,53,53.3768,-1.47364),(811,53,53.3768,-1.47377),(812,53,53.3769,-1.47389),(813,54,53.3846,-1.47371),(814,54,53.3846,-1.47372),(815,55,53.3846,-1.47372),(816,56,53.3846,-1.47351),(817,56,53.3846,-1.47352),(818,56,53.3846,-1.47366),(819,56,53.3847,-1.47372),(820,56,53.3847,-1.47376),(821,56,53.3847,-1.47378),(822,56,53.3847,-1.47375),(823,56,53.3847,-1.47375),(824,57,53.3851,-1.47102),(825,57,53.3855,-1.47022),(826,57,53.3845,-1.4723),(827,57,53.3837,-1.47368),(828,57,53.3833,-1.47441),(829,57,53.3834,-1.47575),(830,57,53.3832,-1.47734),(831,57,53.3825,-1.47755),(832,57,53.3826,-1.47747),(833,57,53.3827,-1.47732),(834,57,53.3827,-1.4773),(835,57,53.3827,-1.47735),(836,57,53.3827,-1.47742),(837,57,53.3826,-1.47742),(838,57,53.3826,-1.47743),(839,57,53.3826,-1.4775),(840,57,53.3826,-1.47752),(841,57,53.3826,-1.47755),(842,57,53.3827,-1.47752),(843,57,53.3827,-1.47749),(844,57,53.3827,-1.47747),(845,57,53.3828,-1.47773),(846,57,53.383,-1.47764),(847,57,53.383,-1.47762),(848,57,53.3828,-1.47805),(849,57,53.3822,-1.48032),(850,57,53.382,-1.48129),(851,57,53.3818,-1.48232),(852,57,53.3818,-1.48342),(853,57,53.3818,-1.48341),(854,57,53.3816,-1.48358),(855,57,53.3805,-1.48371),(856,57,53.3806,-1.4838),(857,57,53.3805,-1.48383),(858,57,53.3797,-1.4839),(859,57,53.3784,-1.48402),(860,57,53.3779,-1.48378),(861,57,53.377,-1.48335),(862,57,53.3759,-1.48156),(863,57,53.3743,-1.47889),(864,57,53.3737,-1.47737),(865,57,53.3732,-1.47573),(866,57,53.373,-1.47286),(867,57,53.3733,-1.47273),(868,57,53.3732,-1.47297),(869,57,53.3731,-1.47299),(870,57,53.373,-1.47302),(871,57,53.3728,-1.4731),(872,57,53.3727,-1.47299),(873,57,53.3727,-1.4729),(874,57,53.3724,-1.47285),(875,57,53.3723,-1.47285),(876,57,53.3721,-1.4729),(877,57,53.372,-1.47314),(878,57,53.372,-1.47398),(879,57,53.3719,-1.47449),(880,57,53.3719,-1.47453),(881,57,53.372,-1.47453),(882,57,53.3722,-1.47448),(883,57,53.3722,-1.47448),(884,58,53.3825,-1.47765),(885,58,53.3825,-1.47763),(886,58,53.3826,-1.47757),(887,58,53.3826,-1.47755),(888,58,53.3829,-1.47762),(889,58,53.3826,-1.47922),(890,58,53.3822,-1.48083),(891,58,53.3819,-1.48242),(892,58,53.3818,-1.48337),(893,58,53.3818,-1.4838),(894,58,53.381,-1.48399),(895,58,53.3812,-1.4839),(896,58,53.3809,-1.48387),(897,58,53.3803,-1.4839),(898,58,53.3792,-1.484),(899,58,53.3782,-1.48398),(900,58,53.3783,-1.484),(901,58,53.3779,-1.48396),(902,58,53.377,-1.48348),(903,58,53.3766,-1.48287),(904,58,53.3765,-1.4827),(905,58,53.3757,-1.48148),(906,58,53.3748,-1.48008),(907,58,53.3742,-1.47934),(908,58,53.3743,-1.47925),(909,58,53.3733,-1.47701),(910,58,53.3733,-1.4767),(911,58,53.3733,-1.47647),(912,58,53.373,-1.47439),(913,58,53.373,-1.47273),(914,58,53.373,-1.47102),(915,58,53.3735,-1.4687),(916,58,53.3737,-1.46802),(917,58,53.375,-1.46736),(918,58,53.3758,-1.46677),(919,58,53.3766,-1.46572),(920,58,53.3772,-1.46505),(921,58,53.377,-1.46514),(922,58,53.3768,-1.46499),(923,58,53.3761,-1.46415),(924,58,53.3753,-1.46352),(925,58,53.3751,-1.46327),(926,58,53.3749,-1.46302),(927,58,53.3744,-1.46201),(928,58,53.3742,-1.46037),(929,58,53.374,-1.45835),(930,58,53.374,-1.45653),(931,58,53.3738,-1.45482),(932,58,53.3742,-1.45378),(933,58,53.3751,-1.45385),(934,58,53.3759,-1.45589),(935,58,53.3762,-1.45633),(936,58,53.3767,-1.45709),(937,58,53.3773,-1.45784),(938,58,53.3777,-1.45871),(939,58,53.3779,-1.45929),(940,58,53.378,-1.45954),(941,58,53.378,-1.45962),(942,58,53.378,-1.4596),(943,58,53.378,-1.45959),(944,58,53.378,-1.4596),(945,58,53.378,-1.4596),(946,58,53.378,-1.45961),(947,58,53.378,-1.45965),(948,58,53.378,-1.45967),(949,58,53.3779,-1.45967),(950,58,53.378,-1.45969),(951,58,53.378,-1.45969),(952,58,53.378,-1.45969),(953,58,53.3779,-1.4597),(954,58,53.3779,-1.4597),(955,58,53.3779,-1.4597),(956,58,53.3779,-1.45971),(957,58,53.3779,-1.45972),(958,58,53.3779,-1.45972),(959,58,53.378,-1.45971),(960,58,53.378,-1.45972),(961,58,53.3779,-1.45972),(962,58,53.3779,-1.45972),(963,58,53.3779,-1.45971),(964,58,53.3779,-1.45971),(965,58,53.3779,-1.45971),(966,58,53.3779,-1.45971),(967,58,53.3779,-1.45972),(968,58,53.3779,-1.45972),(969,58,53.3779,-1.45972),(970,58,53.3779,-1.45972),(971,58,53.3779,-1.45972),(972,58,53.3779,-1.45972),(973,58,53.3779,-1.45972),(974,58,53.3779,-1.45972),(975,58,53.3779,-1.45972),(976,58,53.3779,-1.45972),(977,58,53.3779,-1.4597),(978,59,53.3779,-1.45965),(979,59,53.3779,-1.45964),(980,59,53.3778,-1.45959),(981,59,53.3779,-1.45962),(982,59,53.3779,-1.45963),(983,59,53.3779,-1.45964),(984,59,53.3779,-1.45964),(985,59,53.3779,-1.45964),(986,59,53.3779,-1.45964),(987,59,53.3779,-1.45965),(988,59,53.3779,-1.45965),(989,59,53.3779,-1.45965),(990,59,53.3779,-1.45965),(991,59,53.3779,-1.45965),(992,59,53.3779,-1.45965),(993,59,53.3779,-1.45965),(994,59,53.3779,-1.45965),(995,59,53.3779,-1.45965),(996,59,53.3779,-1.45965),(997,59,53.3779,-1.45965),(998,59,53.3779,-1.45966),(999,59,53.3779,-1.45966),(1000,59,53.3779,-1.45966),(1001,59,53.3779,-1.45966),(1002,59,53.3779,-1.45966),(1003,59,53.3779,-1.45967),(1004,59,53.3779,-1.45967),(1005,59,53.3779,-1.45967),(1006,59,53.3779,-1.45967),(1007,59,53.3779,-1.45967),(1008,59,53.3779,-1.45967),(1009,59,53.3779,-1.45967),(1010,59,53.3779,-1.45967),(1011,59,53.3779,-1.45967),(1012,59,53.3779,-1.45967),(1013,59,53.3779,-1.45967),(1014,59,53.3779,-1.45967),(1015,59,53.3779,-1.45967),(1016,59,53.3779,-1.45967),(1017,59,53.3779,-1.45967),(1018,59,53.3779,-1.45967),(1019,59,53.3779,-1.45967),(1020,59,53.3779,-1.45958),(1021,59,53.3777,-1.4588),(1022,59,53.3773,-1.45817),(1023,59,53.3769,-1.45764),(1024,59,53.3765,-1.4569),(1025,59,53.3761,-1.45592),(1026,59,53.3757,-1.45511),(1027,59,53.3755,-1.45476),(1028,59,53.3748,-1.45363),(1029,59,53.3744,-1.45357),(1030,59,53.3738,-1.45396),(1031,59,53.3739,-1.45439),(1032,59,53.3739,-1.45782),(1033,59,53.374,-1.45922),(1034,59,53.3742,-1.4606),(1035,59,53.3742,-1.46112),(1036,59,53.3743,-1.46101),(1037,59,53.3743,-1.46115),(1038,59,53.3744,-1.46139),(1039,59,53.3747,-1.46229),(1040,59,53.3747,-1.46221),(1041,59,53.3745,-1.4624),(1042,59,53.3743,-1.46342),(1043,59,53.3744,-1.46375),(1044,59,53.3738,-1.46692),(1045,59,53.3737,-1.46786),(1046,59,53.3736,-1.46779),(1047,59,53.3736,-1.46815),(1048,59,53.3732,-1.47024),(1049,59,53.3728,-1.47205),(1050,59,53.3726,-1.47264),(1051,59,53.3725,-1.47416),(1052,59,53.3727,-1.4757),(1053,59,53.373,-1.47619),(1054,59,53.3731,-1.47649),(1055,59,53.3735,-1.47797),(1056,59,53.3739,-1.47866),(1057,59,53.3739,-1.47894),(1058,59,53.3747,-1.48031),(1059,59,53.3758,-1.48193),(1060,59,53.377,-1.48362),(1061,59,53.378,-1.48419),(1062,59,53.3784,-1.48425),(1063,59,53.3785,-1.48422),(1064,59,53.3788,-1.48412),(1065,59,53.379,-1.4841),(1066,59,53.3792,-1.48415),(1067,59,53.3795,-1.48413),(1068,59,53.3795,-1.48415),(1069,59,53.3795,-1.48414),(1070,59,53.3796,-1.48415),(1071,59,53.3813,-1.48421),(1072,59,53.3816,-1.48439),(1073,59,53.382,-1.48452),(1074,59,53.3824,-1.48461),(1075,59,53.382,-1.48242),(1076,59,53.3826,-1.47907),(1077,59,53.3829,-1.47774),(1078,59,53.383,-1.4776),(1079,59,53.3831,-1.47722),(1080,59,53.3834,-1.47502),(1081,59,53.3835,-1.47425),(1082,59,53.3834,-1.4741),(1083,59,53.3833,-1.47511),(1084,59,53.3832,-1.47592),(1085,59,53.3831,-1.47653),(1086,59,53.3828,-1.47747),(1087,59,53.3826,-1.47745),(1088,59,53.3826,-1.4774),(1089,59,53.3827,-1.47751),(1090,60,53.3848,-1.47338),(1091,60,53.3847,-1.47274),(1092,60,53.3845,-1.47236),(1093,60,53.3843,-1.47268),(1094,60,53.3841,-1.47304),(1095,60,53.3839,-1.47339),(1096,60,53.3837,-1.47376),(1097,60,53.3836,-1.47416),(1098,60,53.3835,-1.47457),(1099,60,53.3834,-1.47498),(1100,61,53.385,-1.47409),(1101,61,53.3849,-1.47355),(1102,61,53.3847,-1.4729),(1103,61,53.3845,-1.4724),(1104,61,53.3843,-1.47259),(1105,61,53.3841,-1.47293),(1106,61,53.3839,-1.47328),(1107,61,53.3838,-1.47366),(1108,61,53.3836,-1.474),(1109,61,53.3835,-1.47446),(1110,62,53.3828,-1.47791),(1111,62,53.3829,-1.47796),(1112,62,53.3832,-1.47812),(1113,62,53.3832,-1.47828),(1114,62,53.383,-1.47854),(1115,62,53.3828,-1.47873),(1116,62,53.3827,-1.47885),(1117,62,53.3827,-1.47901),(1118,62,53.3827,-1.47916),(1119,62,53.3826,-1.47929),(1120,62,53.3826,-1.47946),(1121,62,53.3825,-1.47961),(1122,62,53.3825,-1.47973),(1123,62,53.3824,-1.47987),(1124,62,53.3824,-1.48003),(1125,62,53.3823,-1.48019),(1126,62,53.3823,-1.48036),(1127,62,53.3822,-1.48052),(1128,62,53.3822,-1.48075),(1129,62,53.3821,-1.48103),(1130,62,53.3821,-1.48122),(1131,62,53.3821,-1.48137),(1132,62,53.382,-1.48151),(1133,62,53.3819,-1.4815),(1134,62,53.3818,-1.4816),(1135,62,53.3818,-1.48164),(1136,63,53.385,-1.47432),(1137,63,53.385,-1.47437),(1138,63,53.385,-1.47442),(1139,63,53.3851,-1.4746),(1140,63,53.3851,-1.47479),(1141,63,53.3851,-1.47494),(1142,63,53.3851,-1.47519),(1143,63,53.3849,-1.47528),(1144,63,53.3848,-1.4754),(1145,63,53.3846,-1.47549),(1146,63,53.3845,-1.47551),(1147,63,53.3844,-1.47557),(1148,63,53.3843,-1.47577),(1149,63,53.3842,-1.47604),(1150,63,53.3841,-1.47621),(1151,63,53.3841,-1.47556),(1152,63,53.3839,-1.47563),(1153,63,53.3838,-1.47596),(1154,63,53.3837,-1.47594),(1155,63,53.3835,-1.47618),(1156,63,53.3833,-1.47622),(1157,63,53.3832,-1.47615),(1158,63,53.383,-1.47613),(1159,63,53.3829,-1.47626),(1160,63,53.3829,-1.47644),(1161,63,53.3829,-1.47664),(1162,63,53.383,-1.47696),(1163,63,53.383,-1.47717),(1164,63,53.383,-1.47714),(1165,63,53.383,-1.47706),(1166,63,53.383,-1.47718),(1167,63,53.3831,-1.47748),(1168,63,53.3831,-1.47779),(1169,63,53.383,-1.47803),(1170,63,53.3829,-1.47806),(1171,63,53.3829,-1.47823),(1172,63,53.3828,-1.47844),(1173,63,53.3828,-1.4786),(1174,63,53.3827,-1.47875),(1175,63,53.3827,-1.4789),(1176,63,53.3827,-1.47908),(1177,63,53.3826,-1.47927),(1178,63,53.3827,-1.47954),(1179,63,53.3825,-1.47955),(1180,63,53.3823,-1.47957),(1181,63,53.3822,-1.47963),(1182,63,53.3821,-1.47964),(1183,63,53.382,-1.4797),(1184,63,53.382,-1.47975),(1185,63,53.3818,-1.47987),(1186,63,53.3816,-1.47972),(1187,63,53.3815,-1.4796),(1188,63,53.3814,-1.47953),(1189,63,53.3813,-1.47951),(1190,63,53.3813,-1.47929),(1191,63,53.3812,-1.47924),(1192,63,53.381,-1.47927),(1193,63,53.3809,-1.47911),(1194,63,53.3808,-1.47909),(1195,63,53.3808,-1.47915),(1196,63,53.3811,-1.4788),(1197,63,53.381,-1.47867),(1198,64,53.3814,-1.47788),(1199,64,53.3814,-1.47784),(1200,64,53.3814,-1.47768),(1201,64,53.3815,-1.47758),(1202,64,53.3816,-1.47727),(1203,64,53.3816,-1.47701),(1204,64,53.3816,-1.47687),(1205,64,53.3816,-1.47668),(1206,64,53.3815,-1.47646),(1207,64,53.3815,-1.47616),(1208,64,53.3815,-1.47596),(1209,64,53.3818,-1.47595),(1210,64,53.3819,-1.47611),(1211,64,53.382,-1.47625),(1212,64,53.3821,-1.47629),(1213,64,53.3821,-1.47632),(1214,64,53.3822,-1.47635),(1215,64,53.3818,-1.47626),(1216,64,53.382,-1.47637),(1217,64,53.3821,-1.47636),(1218,64,53.3823,-1.47635),(1219,64,53.3825,-1.47636),(1220,64,53.3827,-1.47635),(1221,64,53.3828,-1.47641),(1222,64,53.3831,-1.47658),(1223,64,53.3833,-1.4766),(1224,64,53.3834,-1.47671),(1225,64,53.3833,-1.47684),(1226,64,53.3834,-1.47684),(1227,64,53.3834,-1.47679),(1228,64,53.3834,-1.47673),(1229,64,53.3833,-1.47662),(1230,64,53.3831,-1.47647),(1231,64,53.3829,-1.47643),(1232,64,53.3834,-1.47578),(1233,64,53.3836,-1.47582),(1234,64,53.3837,-1.47579),(1235,64,53.3837,-1.47575),(1236,64,53.3839,-1.47574),(1237,64,53.3841,-1.4757),(1238,64,53.3843,-1.47569),(1239,64,53.3844,-1.47567),(1240,64,53.3844,-1.47564),(1241,64,53.3845,-1.47556),(1242,64,53.3847,-1.47546),(1243,64,53.3849,-1.47535),(1244,64,53.385,-1.47532),(1245,64,53.3851,-1.47519),(1246,64,53.3851,-1.4748),(1247,64,53.3851,-1.47457),(1248,64,53.385,-1.47433),(1249,64,53.385,-1.474),(1250,64,53.3849,-1.47379),(1251,64,53.3849,-1.47385),(1252,65,53.3851,-1.4751),(1253,65,53.3851,-1.47511),(1254,65,53.3851,-1.47512),(1255,65,53.385,-1.47519),(1256,65,53.3848,-1.4752),(1257,65,53.3846,-1.47537),(1258,65,53.3845,-1.47538),(1259,65,53.3844,-1.47543),(1260,65,53.3843,-1.47547),(1261,65,53.3842,-1.47556),(1262,65,53.3841,-1.47557),(1263,65,53.384,-1.47559),(1264,65,53.3839,-1.4756),(1265,65,53.3837,-1.4756),(1266,65,53.3836,-1.47552),(1267,65,53.3835,-1.47557),(1268,65,53.3834,-1.47564),(1269,65,53.3833,-1.47564),(1270,65,53.3833,-1.47596),(1271,65,53.3832,-1.47628),(1272,65,53.3832,-1.47647),(1273,65,53.3831,-1.47679),(1274,65,53.383,-1.47712),(1275,65,53.383,-1.47734),(1276,65,53.383,-1.47753),(1277,65,53.3829,-1.4777),(1278,65,53.3829,-1.47785),(1279,65,53.3829,-1.47807),(1280,65,53.3829,-1.47811),(1281,65,53.383,-1.47826),(1282,65,53.383,-1.47833),(1283,65,53.383,-1.47848),(1284,65,53.383,-1.47867),(1285,65,53.3831,-1.47892),(1286,65,53.3833,-1.47908),(1287,65,53.3834,-1.47918),(1288,65,53.3834,-1.47915),(1289,65,53.3835,-1.47919),(1290,65,53.3835,-1.47927),(1291,65,53.3835,-1.47915),(1292,65,53.3835,-1.47933),(1293,65,53.3836,-1.47944),(1294,65,53.3837,-1.47934),(1295,66,53.382,-1.48106),(1296,66,53.382,-1.48101),(1297,66,53.3821,-1.48084),(1298,66,53.3822,-1.4807),(1299,66,53.3823,-1.48047),(1300,66,53.3824,-1.48027),(1301,66,53.3824,-1.48008),(1302,66,53.3824,-1.4799),(1303,66,53.3824,-1.47975),(1304,66,53.3824,-1.47961),(1305,66,53.3824,-1.4794),(1306,66,53.3826,-1.47926),(1307,66,53.3827,-1.47911),(1308,66,53.3828,-1.47891),(1309,66,53.3827,-1.47866),(1310,66,53.3827,-1.47846),(1311,66,53.3828,-1.47829),(1312,66,53.3827,-1.4781),(1313,66,53.3827,-1.47791),(1314,66,53.3829,-1.47772),(1315,66,53.3829,-1.47754),(1316,66,53.383,-1.47738),(1317,66,53.3832,-1.47728),(1318,66,53.3833,-1.47722),(1319,66,53.3833,-1.47718),(1320,66,53.3832,-1.47714),(1321,66,53.3832,-1.47713),(1322,66,53.3833,-1.47713),(1323,66,53.3833,-1.47699),(1324,66,53.3832,-1.47675),(1325,66,53.3832,-1.47654),(1326,66,53.3833,-1.47635),(1327,66,53.3833,-1.47616),(1328,66,53.3834,-1.47613),(1329,66,53.3835,-1.47613),(1330,66,53.3836,-1.47599),(1331,66,53.3837,-1.47595),(1332,66,53.3838,-1.47594),(1333,66,53.384,-1.47584),(1334,66,53.3841,-1.47575),(1335,66,53.3842,-1.47577),(1336,66,53.3843,-1.47577),(1337,66,53.3845,-1.47585),(1338,66,53.3846,-1.47563),(1339,66,53.3847,-1.47552),(1340,66,53.3848,-1.47536),(1341,66,53.3849,-1.47529),(1342,66,53.385,-1.47526),(1343,66,53.385,-1.47521),(1344,66,53.3851,-1.47494),(1345,66,53.3852,-1.47471),(1346,66,53.3852,-1.47453),(1347,66,53.3851,-1.47438),(1348,66,53.3851,-1.47421),(1349,66,53.3849,-1.47387),(1350,66,53.3849,-1.47388),(1351,66,53.3848,-1.47399),(1352,67,53.3844,-1.47379),(1353,68,53.382,-1.46893),(1354,68,53.382,-1.46893),(1355,68,53.3821,-1.4689),(1356,68,53.3823,-1.46875),(1357,68,53.3824,-1.46861),(1358,68,53.3825,-1.46868),(1359,68,53.3825,-1.4687),(1360,68,53.3825,-1.46871),(1361,68,53.3826,-1.46879),(1362,68,53.3826,-1.46894),(1363,68,53.3827,-1.46922),(1364,68,53.3827,-1.46947),(1365,68,53.3827,-1.46971),(1366,68,53.3828,-1.46988),(1367,68,53.3829,-1.46996),(1368,68,53.383,-1.47003),(1369,68,53.3832,-1.47),(1370,68,53.3833,-1.46997),(1371,68,53.3834,-1.46998),(1372,68,53.3835,-1.47007),(1373,68,53.3835,-1.47025),(1374,68,53.3835,-1.47047),(1375,68,53.3835,-1.4707),(1376,68,53.3835,-1.47078),(1377,68,53.3834,-1.47084),(1378,68,53.3834,-1.47097),(1379,68,53.3835,-1.47133),(1380,68,53.3836,-1.47151),(1381,68,53.3837,-1.47157),(1382,68,53.3838,-1.47164),(1383,68,53.3839,-1.47175),(1384,68,53.384,-1.47189),(1385,68,53.3841,-1.4721),(1386,68,53.3843,-1.47217),(1387,68,53.3843,-1.47228),(1388,68,53.3844,-1.47237),(1389,68,53.3844,-1.4724),(1390,68,53.3845,-1.47255),(1391,68,53.3846,-1.4727),(1392,68,53.3847,-1.47286),(1393,68,53.3847,-1.47304),(1394,68,53.3847,-1.47326),(1395,68,53.3847,-1.4735),(1396,68,53.3847,-1.47372),(1397,68,53.3846,-1.47383),(1398,69,53.3854,-1.47406),(1399,69,53.3849,-1.47425),(1400,69,53.3849,-1.47456),(1401,69,53.385,-1.47475),(1402,69,53.3851,-1.47487),(1403,69,53.3851,-1.47505),(1404,69,53.3851,-1.47497),(1405,69,53.385,-1.47498),(1406,70,53.3808,-1.4839),(1407,70,53.3788,-1.48383),(1408,70,53.3775,-1.48357),(1409,70,53.3765,-1.48248),(1410,70,53.3754,-1.481),(1411,70,53.3747,-1.47981),(1412,70,53.3747,-1.47942),(1413,70,53.3746,-1.47938),(1414,70,53.3745,-1.47897),(1415,70,53.374,-1.47772),(1416,70,53.3735,-1.47654),(1417,70,53.3735,-1.47621),(1418,70,53.3734,-1.47633),(1419,70,53.3732,-1.47595),(1420,70,53.373,-1.47418),(1421,70,53.3731,-1.47256),(1422,70,53.3732,-1.47097),(1423,70,53.3737,-1.46885),(1424,70,53.3738,-1.46845),(1425,70,53.3739,-1.4683),(1426,70,53.3749,-1.46737),(1427,70,53.3762,-1.46613),(1428,70,53.3773,-1.465),(1429,70,53.3778,-1.46456),(1430,70,53.3781,-1.46442),(1431,70,53.3789,-1.46348),(1432,70,53.38,-1.46215),(1433,70,53.3811,-1.4614),(1434,70,53.3817,-1.46123),(1435,70,53.3825,-1.46108),(1436,70,53.3834,-1.46098),(1437,70,53.3843,-1.46059),(1438,70,53.3845,-1.45855),(1439,70,53.3849,-1.45695),(1440,70,53.3853,-1.45608),(1441,70,53.3856,-1.45555),(1442,70,53.3853,-1.45561),(1443,70,53.3855,-1.45572),(1444,70,53.3854,-1.45553),(1445,70,53.3855,-1.45447),(1446,70,53.3853,-1.45181),(1447,70,53.3849,-1.44894),(1448,70,53.3846,-1.44643),(1449,70,53.3848,-1.44304),(1450,70,53.3848,-1.44034),(1451,70,53.3846,-1.43728),(1452,70,53.3839,-1.4342),(1453,70,53.3823,-1.43252),(1454,70,53.3809,-1.43104),(1455,70,53.3798,-1.42883),(1456,70,53.379,-1.42614),(1457,70,53.3782,-1.42362),(1458,70,53.3774,-1.42091),(1459,70,53.3767,-1.41844),(1460,70,53.3759,-1.41562),(1461,70,53.3747,-1.41236),(1462,70,53.3746,-1.40945),(1463,70,53.3747,-1.40584),(1464,70,53.3765,-1.39938),(1465,70,53.3781,-1.39658),(1466,70,53.3799,-1.39381),(1467,70,53.3818,-1.39208),(1468,70,53.3839,-1.39102),(1469,70,53.3862,-1.38937),(1470,70,53.3879,-1.38702),(1471,70,53.3895,-1.38363),(1472,70,53.3917,-1.37585),(1473,70,53.393,-1.36842),(1474,70,53.3937,-1.36468),(1475,70,53.3946,-1.36099),(1476,70,53.3956,-1.35719),(1477,70,53.396,-1.35421),(1478,70,53.3975,-1.34942),(1479,70,53.3978,-1.35001),(1480,70,53.3989,-1.35096),(1481,70,53.3996,-1.34965),(1482,70,53.399,-1.3439),(1483,70,53.399,-1.3405),(1484,70,53.399,-1.33705),(1485,70,53.399,-1.33354),(1486,70,53.399,-1.32943),(1487,70,53.3991,-1.32506),(1488,70,53.399,-1.32102),(1489,70,53.3986,-1.31708),(1490,70,53.3985,-1.31312),(1491,70,53.3983,-1.30881),(1492,70,53.3981,-1.30421),(1493,70,53.3978,-1.29636),(1494,70,53.3971,-1.2923),(1495,70,53.3958,-1.28846),(1496,70,53.3927,-1.28326),(1497,70,53.3908,-1.28123),(1498,70,53.3858,-1.27878),(1499,70,53.3809,-1.27817),(1500,70,53.3786,-1.27878),(1501,70,53.3761,-1.27986),(1502,70,53.371,-1.2819),(1503,70,53.3688,-1.28279),(1504,70,53.3661,-1.28309),(1505,70,53.3637,-1.283),(1506,70,53.361,-1.28333),(1507,70,53.3584,-1.28408),(1508,70,53.356,-1.28482),(1509,70,53.3534,-1.28567),(1510,70,53.3506,-1.28696),(1511,70,53.346,-1.28921),(1512,70,53.3436,-1.29001),(1513,71,52.9452,-1.2104),(1514,71,52.9453,-1.21037),(1515,71,52.9454,-1.21037),(1516,71,52.9455,-1.21036),(1517,71,52.9456,-1.21049),(1518,71,52.9457,-1.21063),(1519,71,52.9458,-1.21072),(1520,71,52.9458,-1.2108),(1521,71,52.9459,-1.21084),(1522,71,52.946,-1.21084),(1523,71,52.9461,-1.21084),(1524,71,52.9462,-1.21087),(1525,71,52.9463,-1.21089),(1526,71,52.9463,-1.2109),(1527,71,52.9464,-1.21094),(1528,71,52.9465,-1.211),(1529,71,52.9466,-1.21106),(1530,71,52.9467,-1.21107),(1531,71,52.9467,-1.21105),(1532,71,52.9467,-1.21103),(1533,71,52.9468,-1.21101),(1534,71,52.9468,-1.211),(1535,71,52.947,-1.21095),(1536,71,52.9472,-1.2109),(1537,71,52.9473,-1.21088),(1538,71,52.9473,-1.21082),(1539,71,52.9474,-1.21078),(1540,71,52.9475,-1.21078),(1541,71,52.9476,-1.21083),(1542,71,52.9477,-1.21093),(1543,71,52.9477,-1.21109),(1544,71,52.9477,-1.21122),(1545,71,52.9478,-1.21129),(1546,71,52.9479,-1.21131),(1547,71,52.948,-1.21127),(1548,71,52.948,-1.21117),(1549,71,52.9481,-1.2112),(1550,71,52.9481,-1.21133),(1551,71,52.948,-1.21137),(1552,71,52.948,-1.21142),(1553,71,52.948,-1.21143),(1554,71,52.948,-1.21141),(1555,71,52.948,-1.21141),(1556,71,52.9479,-1.21131),(1557,71,52.9478,-1.21119),(1558,71,52.9478,-1.2112),(1559,71,52.9478,-1.21117),(1560,71,52.9477,-1.21112),(1561,71,52.9476,-1.21098),(1562,71,52.9476,-1.2109),(1563,71,52.9476,-1.21093),(1564,71,52.9476,-1.21095),(1565,71,52.9476,-1.21092),(1566,71,52.9477,-1.21116),(1567,71,52.9475,-1.21121),(1568,71,52.9475,-1.21105),(1569,71,52.9473,-1.21095),(1570,71,52.9473,-1.21101),(1571,71,52.9472,-1.2111),(1572,71,52.9471,-1.21115),(1573,71,52.947,-1.21118),(1574,71,52.9469,-1.21123),(1575,71,52.9468,-1.21135),(1576,71,52.9467,-1.2117),(1577,71,52.9467,-1.21191),(1578,71,52.9468,-1.21209),(1579,71,52.9469,-1.21217),(1580,71,52.9468,-1.21235),(1581,71,52.9467,-1.21248),(1582,71,52.9466,-1.21259),(1583,71,52.9466,-1.21272),(1584,71,52.9465,-1.21286),(1585,71,52.9464,-1.21299),(1586,71,52.9463,-1.21309),(1587,71,52.9463,-1.21324),(1588,71,52.9462,-1.2134),(1589,71,52.9461,-1.21352),(1590,71,52.946,-1.21365),(1591,71,52.946,-1.21375),(1592,71,52.946,-1.21382),(1593,71,52.946,-1.21382),(1594,71,52.9461,-1.21384),(1595,71,52.9461,-1.21384),(1596,71,52.9461,-1.21384),(1597,71,52.9461,-1.21385),(1598,71,52.946,-1.21383),(1599,71,52.946,-1.21379),(1600,71,52.946,-1.21372),(1601,71,52.946,-1.21369),(1602,71,52.946,-1.21371),(1603,71,52.946,-1.21372),(1604,71,52.946,-1.21373),(1605,71,52.946,-1.21375),(1606,71,52.946,-1.2138),(1607,71,52.9459,-1.21392),(1608,71,52.9458,-1.21409),(1609,71,52.9458,-1.2142),(1610,71,52.9457,-1.21427),(1611,71,52.9456,-1.21434),(1612,71,52.9456,-1.21447),(1613,71,52.9456,-1.21453),(1614,71,52.9455,-1.21458),(1615,71,52.9454,-1.21457),(1616,71,52.9453,-1.21448),(1617,71,52.9453,-1.21425),(1618,72,53.3835,-1.4746),(1619,72,53.3835,-1.47462),(1620,72,53.3835,-1.47462),(1621,73,53.3835,-1.4746),(1622,73,53.3835,-1.47462),(1623,73,53.3835,-1.47462),(1624,73,53.3835,-1.47462),(1625,74,53.3835,-1.4746),(1626,74,53.3835,-1.47462),(1627,74,53.3835,-1.47462),(1628,74,53.3835,-1.47462),(1629,74,53.3835,-1.47462),(1630,74,53.3835,-1.47462),(1631,75,53.3835,-1.4746),(1632,75,53.3835,-1.47462),(1633,75,53.3835,-1.47462),(1634,75,53.3835,-1.47462),(1635,75,53.3835,-1.47462),(1636,75,53.3835,-1.47462),(1637,75,53.3835,-1.47462),(1638,75,53.3835,-1.47462),(1639,75,53.383,-1.47668),(1640,76,53.3835,-1.4746),(1641,76,53.3835,-1.47462),(1642,76,53.3835,-1.47462),(1643,76,53.3835,-1.47462),(1644,76,53.3835,-1.47462),(1645,76,53.3835,-1.47462),(1646,76,53.3835,-1.47462),(1647,76,53.3835,-1.47462),(1648,76,53.383,-1.47668),(1649,76,53.383,-1.47669),(1650,76,53.383,-1.47669),(1651,77,53.3835,-1.4746),(1652,77,53.3835,-1.47462),(1653,77,53.3835,-1.47462),(1654,77,53.3835,-1.47462),(1655,77,53.3835,-1.47462),(1656,77,53.3835,-1.47462),(1657,77,53.3835,-1.47462),(1658,77,53.3835,-1.47462),(1659,77,53.383,-1.47668),(1660,77,53.383,-1.47669),(1661,77,53.383,-1.47669),(1662,77,53.383,-1.47669),(1663,78,53.3835,-1.4746),(1664,78,53.3835,-1.47462),(1665,78,53.3835,-1.47462),(1666,78,53.3835,-1.47462),(1667,78,53.3835,-1.47462),(1668,78,53.3835,-1.47462),(1669,78,53.3835,-1.47462),(1670,78,53.3835,-1.47462),(1671,78,53.383,-1.47668),(1672,78,53.383,-1.47669),(1673,78,53.383,-1.47669),(1674,78,53.383,-1.47669),(1675,79,53.3835,-1.4746),(1676,79,53.3835,-1.47462),(1677,79,53.3835,-1.47462),(1678,79,53.3835,-1.47462),(1679,79,53.3835,-1.47462),(1680,79,53.3835,-1.47462),(1681,79,53.3835,-1.47462),(1682,79,53.3835,-1.47462),(1683,79,53.383,-1.47668),(1684,79,53.383,-1.47669),(1685,79,53.383,-1.47669),(1686,79,53.383,-1.47669),(1687,79,53.383,-1.47669),(1688,79,53.383,-1.47669),(1689,79,53.383,-1.47669),(1690,80,53.3835,-1.4746),(1691,80,53.3835,-1.47462),(1692,80,53.3835,-1.47462),(1693,80,53.3835,-1.47462),(1694,80,53.3835,-1.47462),(1695,80,53.3835,-1.47462),(1696,80,53.3835,-1.47462),(1697,80,53.3835,-1.47462),(1698,80,53.383,-1.47668),(1699,80,53.383,-1.47669),(1700,80,53.383,-1.47669),(1701,80,53.383,-1.47669),(1702,80,53.383,-1.47669),(1703,80,53.383,-1.47669),(1704,80,53.383,-1.47669),(1705,80,53.383,-1.47669),(1706,80,53.383,-1.47669),(1707,80,53.383,-1.47669),(1708,80,53.383,-1.47669),(1709,80,53.383,-1.47669),(1710,80,53.383,-1.47669),(1711,80,53.383,-1.47669),(1712,81,53.383,-1.47669),(1713,81,53.383,-1.47669),(1714,81,53.3825,-1.47952),(1715,82,53.3846,-1.47361),(1716,82,53.3846,-1.47371),(1717,83,53.3825,-1.47952),(1718,83,53.3825,-1.47952),(1719,83,53.3822,-1.48044),(1720,83,53.3813,-1.48048),(1721,83,53.3813,-1.48048),(1722,83,53.3813,-1.48048),(1723,84,53.385,-1.47417),(1724,84,53.3849,-1.47396),(1725,84,53.3849,-1.47364),(1726,84,53.3848,-1.47307),(1727,84,53.3846,-1.47252),(1728,84,53.3844,-1.47249),(1729,84,53.3842,-1.4728),(1730,84,53.384,-1.47316),(1731,84,53.3838,-1.4735),(1732,84,53.3837,-1.47388),(1733,84,53.3835,-1.47427),(1734,84,53.3834,-1.47474),(1735,84,53.3834,-1.47515),(1736,84,53.3833,-1.47558),(1737,84,53.3832,-1.47599),(1738,84,53.3832,-1.47642),(1739,84,53.3831,-1.47686),(1740,84,53.383,-1.47737),(1741,84,53.3829,-1.47795),(1742,84,53.3828,-1.47853),(1743,84,53.3826,-1.47907),(1744,84,53.3825,-1.47959),(1745,84,53.3824,-1.48014),(1746,84,53.3822,-1.48074),(1772,86,53.3849,-1.47357),(1773,86,53.3847,-1.47297),(1774,86,53.3846,-1.47245),(1775,86,53.3843,-1.47256),(1776,86,53.3842,-1.47287),(1777,86,53.384,-1.47321),(1778,86,53.3838,-1.47359),(1779,86,53.3836,-1.474),(1780,86,53.3835,-1.47441),(1781,86,53.3834,-1.47483),(1782,86,53.3833,-1.47526),(1783,86,53.3833,-1.47574),(1784,86,53.3832,-1.47618),(1785,86,53.3832,-1.47661),(1786,86,53.3831,-1.47709),(1787,86,53.383,-1.47757),(1788,86,53.3829,-1.47799),(1789,86,53.3828,-1.47841),(1790,87,53.3828,-1.47842),(1791,87,53.3827,-1.47889),(1792,87,53.3825,-1.47945),(1793,87,53.3824,-1.47996),(1794,87,53.3823,-1.48053),(1795,87,53.3822,-1.48115),(1796,87,53.3821,-1.48173),(1797,87,53.382,-1.48235),(1798,87,53.382,-1.48291),(1799,87,53.382,-1.48354),(1800,87,53.3819,-1.48406),(1801,87,53.382,-1.48456),(1802,87,53.382,-1.48502),(1803,87,53.3819,-1.4856),(1804,87,53.3818,-1.48609),(1805,87,53.3816,-1.48665),(1806,87,53.3814,-1.48716),(1807,87,53.3813,-1.48772),(1808,87,53.3813,-1.48814),(1809,87,53.3813,-1.48841),(1810,87,53.3813,-1.48841),(1811,87,53.3813,-1.48841),(1812,87,53.3813,-1.48841),(1813,88,53.3848,-1.47363),(1814,88,53.3849,-1.47374),(1815,88,53.385,-1.47386),(1816,88,53.385,-1.47409),(1817,88,53.3851,-1.47432),(1818,88,53.385,-1.47452),(1819,88,53.385,-1.47469),(1820,88,53.3851,-1.47481),(1821,88,53.3851,-1.47493),(1822,88,53.385,-1.475),(1823,88,53.3848,-1.47509),(1824,88,53.3847,-1.47518),(1825,88,53.3846,-1.47535),(1826,88,53.3847,-1.47551),(1827,88,53.3846,-1.47569),(1828,88,53.3844,-1.47573),(1829,88,53.3843,-1.47574),(1830,88,53.3842,-1.47574),(1831,88,53.3841,-1.47583),(1832,88,53.3838,-1.4758),(1833,88,53.3837,-1.47581),(1834,88,53.3835,-1.47579),(1835,88,53.3834,-1.47593),(1836,88,53.3833,-1.47601),(1837,88,53.3832,-1.47608),(1838,88,53.3832,-1.47637),(1839,88,53.3833,-1.47666),(1840,88,53.3834,-1.47684),(1841,88,53.3831,-1.47693),(1842,89,53.3836,-1.47719),(1843,89,53.3836,-1.47709),(1844,89,53.3835,-1.47674),(1845,89,53.3833,-1.47614),(1846,89,53.3834,-1.47594),(1847,89,53.3834,-1.47608),(1848,89,53.3836,-1.476),(1849,89,53.3837,-1.47581),(1850,89,53.3839,-1.4757),(1851,89,53.384,-1.47555),(1852,89,53.3842,-1.47555),(1853,89,53.3843,-1.47556),(1854,89,53.3844,-1.47552),(1855,89,53.3844,-1.4754),(1856,89,53.3845,-1.47526),(1857,89,53.3844,-1.47518),(1858,89,53.3843,-1.4751),(1859,90,53.3849,-1.47389),(1860,90,53.3849,-1.47368),(1861,90,53.3848,-1.47349),(1862,90,53.3848,-1.47331),(1863,90,53.3848,-1.4731),(1864,90,53.3847,-1.4729),(1865,90,53.3847,-1.47269),(1866,90,53.3846,-1.4725),(1867,90,53.3845,-1.47233),(1868,90,53.3844,-1.47238),(1869,90,53.3844,-1.47248),(1870,90,53.3843,-1.4726),(1871,90,53.3842,-1.47271),(1872,90,53.3842,-1.47281),(1873,90,53.3841,-1.47292),(1874,90,53.3841,-1.47304),(1875,90,53.384,-1.47315),(1876,90,53.3839,-1.47327),(1877,90,53.3839,-1.47339),(1878,90,53.3838,-1.4735),(1879,90,53.3838,-1.47363),(1880,90,53.3837,-1.47376),(1881,90,53.3837,-1.47389),(1882,90,53.3836,-1.474),(1883,90,53.3836,-1.47413),(1884,90,53.3835,-1.47426),(1885,90,53.3835,-1.4744),(1886,90,53.3835,-1.47454),(1887,90,53.3835,-1.4747),(1888,90,53.3834,-1.47484),(1889,90,53.3834,-1.47497),(1890,90,53.3834,-1.47511),(1891,90,53.3833,-1.47525),(1892,90,53.3833,-1.47541),(1893,90,53.3833,-1.47554),(1894,90,53.3833,-1.4757),(1895,90,53.3833,-1.47583),(1896,90,53.3832,-1.47599),(1897,90,53.3832,-1.47611),(1898,90,53.3832,-1.47627),(1899,90,53.3832,-1.47643),(1900,90,53.3832,-1.47657),(1901,90,53.3832,-1.47672),(1902,90,53.3831,-1.47686),(1903,90,53.3831,-1.47701),(1904,90,53.3831,-1.47715),(1905,90,53.3831,-1.4773),(1906,90,53.383,-1.47745),(1907,90,53.383,-1.47758),(1908,90,53.383,-1.47773),(1909,90,53.3829,-1.47785),(1910,90,53.3829,-1.47799),(1911,90,53.3829,-1.47812),(1912,90,53.3828,-1.47826),(1913,90,53.3828,-1.47841),(1914,90,53.3828,-1.47854),(1915,90,53.3827,-1.47867),(1916,90,53.3827,-1.4788),(1917,90,53.3827,-1.47894),(1918,90,53.3826,-1.47907),(1919,90,53.3826,-1.47921),(1920,90,53.3826,-1.47935),(1921,90,53.3825,-1.47948),(1922,90,53.3825,-1.47962),(1923,90,53.3825,-1.47976),(1924,90,53.3824,-1.4799),(1925,90,53.3824,-1.48003),(1926,90,53.3824,-1.48017),(1927,90,53.3823,-1.48031),(1928,90,53.3823,-1.48045),(1929,90,53.3823,-1.4806),(1930,90,53.3822,-1.48074),(1931,90,53.3822,-1.48088),(1933,92,53.385,-1.47426),(1934,92,53.385,-1.47403),(1935,92,53.3849,-1.47383),(1936,92,53.3849,-1.47365),(1937,92,53.3848,-1.47346),(1938,92,53.3848,-1.47326),(1939,92,53.3848,-1.47307),(1940,92,53.3847,-1.47287),(1941,92,53.3847,-1.47268),(1942,92,53.3846,-1.47249),(1943,92,53.3845,-1.47231),(1944,92,53.3844,-1.47239),(1945,92,53.3844,-1.4725),(1946,92,53.3843,-1.4726),(1947,92,53.3842,-1.47271),(1948,92,53.3842,-1.47283),(1949,92,53.3841,-1.47294),(1950,92,53.3841,-1.47306),(1951,92,53.384,-1.47317),(1952,92,53.3839,-1.47328),(1953,92,53.3839,-1.4734),(1954,92,53.3838,-1.47351),(1955,92,53.3838,-1.47365),(1956,92,53.3837,-1.47377),(1957,92,53.3837,-1.47389),(1958,92,53.3836,-1.47402),(1959,92,53.3836,-1.47414),(1960,92,53.3835,-1.47427),(1961,92,53.3835,-1.47443),(1962,92,53.3835,-1.47457),(1963,92,53.3835,-1.47471),(1964,92,53.3834,-1.47485),(1965,92,53.3834,-1.47499),(1966,92,53.3834,-1.47513),(1967,92,53.3833,-1.47527),(1968,92,53.3833,-1.47542),(1969,92,53.3833,-1.47556),(1970,92,53.3833,-1.47571),(1971,92,53.3832,-1.47586),(1972,92,53.3832,-1.476),(1973,92,53.3832,-1.47614),(1974,92,53.3832,-1.47629),(1975,92,53.3832,-1.47644),(1976,92,53.3832,-1.47658),(1977,92,53.3832,-1.47672),(1978,92,53.3831,-1.47687),(1979,93,53.385,-1.47415),(1980,93,53.3849,-1.47394),(1981,93,53.3848,-1.47351),(1982,93,53.3847,-1.47295),(1983,94,53.385,-1.47402),(1984,94,53.3848,-1.47345),(1985,94,53.3847,-1.47284),(1986,94,53.3845,-1.47231),(1987,94,53.3843,-1.47263),(1988,95,53.3849,-1.47396),(1989,95,53.3849,-1.47361),(1990,95,53.3848,-1.47317),(1991,95,53.3847,-1.4728),(1992,95,53.3846,-1.47242),(1993,95,53.3844,-1.47243),(1994,95,53.3843,-1.47265),(1995,95,53.3841,-1.47289),(1996,95,53.384,-1.4731),(1997,95,53.3839,-1.47326),(1998,95,53.3839,-1.47337),(1999,95,53.3838,-1.47349),(2000,95,53.3838,-1.47362),(2001,95,53.3837,-1.47374),(2002,95,53.3837,-1.47387),(2003,95,53.3836,-1.47399),(2004,95,53.3836,-1.47412),(2005,95,53.3835,-1.47425),(2006,95,53.3835,-1.47439),(2007,95,53.3835,-1.47454),(2008,95,53.3835,-1.47468),(2009,95,53.3834,-1.47481),(2010,95,53.3834,-1.47496),(2011,95,53.3834,-1.4751),(2012,95,53.3833,-1.47523),(2013,95,53.3833,-1.47539),(2014,95,53.3833,-1.47554),(2015,95,53.3833,-1.47567),(2016,95,53.3832,-1.47584),(2017,95,53.3832,-1.47598),(2018,95,53.3832,-1.47612),(2019,95,53.3832,-1.47628),(2020,95,53.3832,-1.47642),(2021,95,53.3832,-1.47656),(2022,95,53.3832,-1.47672),(2023,95,53.3831,-1.47686),(2024,95,53.3831,-1.477),(2025,95,53.3831,-1.47716),(2026,95,53.3831,-1.47729),(2027,95,53.383,-1.47743),(2028,95,53.383,-1.47757),(2029,95,53.383,-1.47771),(2030,95,53.3829,-1.47784),(2031,95,53.3829,-1.47797),(2032,95,53.3829,-1.4781),(2033,95,53.3828,-1.47824),(2034,95,53.3828,-1.47838),(2035,95,53.3828,-1.47852),(2036,95,53.3827,-1.47866),(2037,95,53.3827,-1.4788),(2038,95,53.3827,-1.47892),(2039,95,53.3826,-1.47906),(2040,95,53.3826,-1.47921),(2041,95,53.3826,-1.47934),(2042,95,53.3825,-1.47948),(2043,95,53.3825,-1.4796),(2044,95,53.3825,-1.47974),(2045,95,53.3824,-1.47988),(2046,95,53.3824,-1.48001),(2047,95,53.3824,-1.48015),(2048,95,53.3823,-1.48029),(2049,95,53.3823,-1.48042),(2050,95,53.3823,-1.48056),(2051,95,53.3822,-1.48071),(2052,95,53.3822,-1.48085),(2053,95,53.3822,-1.48099),(2054,95,53.3822,-1.48113);
/*!40000 ALTER TABLE `TrainingLocations` ENABLE KEYS */;
UNLOCK TABLES;

--
-- Table structure for table `TrainingOverall`
--

DROP TABLE IF EXISTS `TrainingOverall`;
/*!40101 SET @saved_cs_client     = @@character_set_client */;
/*!50503 SET character_set_client = utf8mb4 */;
CREATE TABLE `TrainingOverall` (
  `id` int NOT NULL AUTO_INCREMENT,
  `idUser` int NOT NULL,
  `Distance` float NOT NULL,
  `Speed` float NOT NULL,
  `Calories` int NOT NULL,
  `Duration` int NOT NULL,
  `Date` datetime NOT NULL,
  PRIMARY KEY (`id`)
) ENGINE=InnoDB AUTO_INCREMENT=67 DEFAULT CHARSET=utf8mb3;
/*!40101 SET character_set_client = @saved_cs_client */;

--
-- Dumping data for table `TrainingOverall`
--

LOCK TABLES `TrainingOverall` WRITE;
/*!40000 ALTER TABLE `TrainingOverall` DISABLE KEYS */;
INSERT INTO `TrainingOverall` VALUES (5,12,0,0,0,0,'2023-02-17 21:59:54'),(6,14,0,0,0,0,'2023-02-17 21:20:52'),(7,12,0,0,0,0,'2023-02-18 14:02:18'),(8,12,0,0,0,0,'2023-02-19 20:41:56'),(9,12,0,0,0,0,'2023-02-20 20:10:39'),(10,12,0,0,0,0,'2023-02-21 17:49:54'),(11,12,0,0,0,2,'2023-02-27 16:13:56'),(12,12,0,0,0,1,'2023-03-02 20:49:36'),(13,12,0,0,0,0,'2023-03-03 13:28:44'),(14,12,0,0,0,3,'2023-03-07 12:16:22'),(15,12,0.91,10.07,209,7,'2023-03-12 22:33:21'),(16,12,0,0,0,0,'2023-03-13 22:41:37'),(17,12,1.08,7.52,129,8,'2023-03-14 21:49:54'),(18,12,0,0,0,0,'2023-03-15 23:18:53'),(19,13,0,0,0,0,'2023-03-15 23:15:53'),(20,14,0,0,0,0,'2023-03-15 23:17:29'),(21,12,0,0,0,0,'2023-03-16 14:54:43'),(22,12,0,0,0,0,'2023-03-17 20:41:56'),(23,12,0,0,0,0,'2023-03-18 07:41:07'),(24,16,0,0,0,0,'2023-03-18 07:40:28'),(25,12,0,0,0,0,'2023-03-19 18:45:17'),(26,12,0,0,0,0,'2023-03-20 17:04:28'),(27,12,0,0,0,0,'2023-03-21 20:07:24'),(28,12,1.3,10.87,155,7,'2023-03-22 19:34:40'),(29,12,0.9,4.205,108,12,'2023-03-23 20:00:43'),(30,12,3.58,6.38667,790,35,'2023-03-24 19:38:50'),(31,12,5.01,8.92167,1072,57,'2023-03-25 19:01:03'),(32,12,0.59,11.34,111,2,'2023-03-26 23:57:52'),(33,12,0,0,0,0,'2023-03-27 16:04:41'),(34,13,0,0,0,0,'2023-03-26 23:52:22'),(35,13,0,0,0,0,'2023-03-27 00:01:23'),(36,14,0,0,0,0,'2023-03-27 00:01:48'),(37,12,0.34,5.06,41,5,'2023-03-28 16:55:06'),(38,12,1.18,5.305,140,30,'2023-03-30 14:21:51'),(39,12,1.29,4.885,242,19,'2023-03-31 17:36:10'),(40,12,0.57,2.41,68,7,'2023-04-01 15:00:39'),(41,12,13.39,21.0833,3295,39,'2023-04-02 16:53:40'),(42,12,0,0,0,0,'2023-04-04 19:25:01'),(43,12,0,0,0,0,'2023-04-05 10:04:36'),(44,12,0,0,0,0,'2023-04-06 22:56:41'),(45,12,0,0,0,0,'2023-04-07 17:14:45'),(46,12,1.13,12.525,225,8,'2023-04-08 14:07:26'),(47,12,1.24,12.03,233,6,'2023-04-09 23:59:17'),(48,13,0,0,0,0,'2023-04-09 20:47:43'),(49,17,0,0,0,0,'2023-04-09 20:52:00'),(50,11,0,0,0,0,'2023-04-09 21:04:42'),(51,14,0,0,0,0,'2023-04-09 23:28:44'),(52,12,0.71,5.72,120,10,'2023-04-10 21:31:28'),(53,18,0,0,0,0,'2023-04-10 19:18:36'),(54,20,0,0,0,0,'2023-04-11 16:09:52'),(55,12,0,0,0,0,'2023-04-11 16:29:42'),(56,12,0,0,0,0,'2023-04-12 22:44:00'),(57,12,0.75,3.96,90,11,'2023-04-13 05:08:20'),(58,21,0,0,0,0,'2023-04-13 12:33:04'),(59,22,0,0,0,0,'2023-04-13 14:29:21'),(60,20,0,0,0,0,'2023-04-14 15:29:11'),(61,12,0.74,7.97333,88,9,'2023-04-15 13:41:57'),(62,12,0,0,0,0,'2023-04-17 20:07:07'),(63,12,0,0,0,0,'2023-04-18 23:29:01'),(64,12,0,0,0,0,'2023-04-19 18:40:39'),(65,12,0.77,4.43,92,11,'2023-04-20 23:56:17'),(66,12,0,0,0,0,'2023-04-21 23:14:54');
/*!40000 ALTER TABLE `TrainingOverall` ENABLE KEYS */;
UNLOCK TABLES;

--
-- Table structure for table `Trainings`
--

DROP TABLE IF EXISTS `Trainings`;
/*!40101 SET @saved_cs_client     = @@character_set_client */;
/*!50503 SET character_set_client = utf8mb4 */;
CREATE TABLE `Trainings` (
  `id` int NOT NULL AUTO_INCREMENT,
  `idUser` int NOT NULL,
  `Type` varchar(45) NOT NULL,
  `Title` varchar(45) NOT NULL,
  `Distance` float NOT NULL,
  `Speed` float NOT NULL,
  `CaloriesBurn` int NOT NULL,
  `StartTime` datetime NOT NULL,
  `EndTime` datetime NOT NULL,
  PRIMARY KEY (`id`)
) ENGINE=InnoDB AUTO_INCREMENT=96 DEFAULT CHARSET=utf8mb3;
/*!40101 SET character_set_client = @saved_cs_client */;

--
-- Dumping data for table `Trainings`
--

LOCK TABLES `Trainings` WRITE;
/*!40000 ALTER TABLE `Trainings` DISABLE KEYS */;
INSERT INTO `Trainings` VALUES (28,12,'Walking','wuhu',0,0,0,'2023-02-19 17:32:00','2023-02-19 17:32:00'),(29,12,'Walking','walking',0,0,0,'2023-02-21 14:51:00','2023-02-21 14:51:00'),(30,12,'Walking','to uni',0,0,0,'2023-02-27 15:29:00','2023-02-27 15:31:00'),(31,12,'Walking','testing',0,0,0,'2023-03-02 15:56:00','2023-03-02 15:57:00'),(32,12,'Walking','22',0,0,0,'2023-03-07 12:13:00','2023-03-07 12:16:00'),(36,12,'Walking','1',0.05,22.37,6,'2023-03-12 20:51:00','2023-03-12 20:52:00'),(37,12,'Running','2',0.85,7.53,202,'2023-03-12 20:54:00','2023-03-12 21:00:00'),(38,12,'Walking','1',0.01,0.31,1,'2023-03-12 21:04:00','2023-03-12 21:04:00'),(39,12,'Walking','1',1.08,7.52,129,'2023-03-14 11:54:00','2023-03-14 12:02:00'),(48,12,'Walking','uni',1.3,10.87,155,'2023-03-22 18:50:00','2023-03-22 18:57:00'),(49,12,'Walking','Go To Lecture',0.7,4.8,84,'2023-03-23 08:40:00','2023-03-23 08:49:00'),(50,12,'Walking','To diamond',0.2,3.61,24,'2023-03-23 10:38:00','2023-03-23 10:41:00'),(51,12,'Walking','To lab',0.58,5.36,70,'2023-03-24 10:44:00','2023-03-24 10:53:00'),(52,12,'Walking','Get coffee',0.36,4.38,43,'2023-03-24 12:51:00','2023-03-24 12:56:00'),(53,12,'Cycling','Dinner',2.64,9.42,677,'2023-03-24 18:03:00','2023-03-24 18:24:00'),(54,12,'Walking','1',0,0.05,0,'2023-03-25 03:29:00','2023-03-25 03:30:00'),(55,12,'Walking','1',0,0,0,'2023-03-25 03:30:00','2023-03-25 03:31:00'),(56,12,'Walking','1',0.02,0.72,3,'2023-03-25 03:38:00','2023-03-25 03:41:00'),(57,12,'Walking','Lunch',1.54,22.17,184,'2023-03-25 15:11:00','2023-03-25 15:24:00'),(58,12,'Cycling','Park',3.03,18.89,776,'2023-03-25 17:19:00','2023-03-25 17:37:00'),(59,12,'Cycling','Home',0.42,11.7,109,'2023-03-25 18:19:00','2023-03-25 18:40:00'),(60,12,'Cycling','test',0.29,11.07,75,'2023-03-26 22:50:00','2023-03-26 22:51:00'),(61,12,'Walking','TestWalk',0.3,11.61,36,'2023-03-26 22:52:00','2023-03-26 22:53:00'),(62,12,'Walking','Uni',0.34,5.06,41,'2023-03-28 12:42:00','2023-03-28 12:47:00'),(63,12,'Walking','Web lecture',0.94,5.8,112,'2023-03-30 08:36:00','2023-03-30 08:46:00'),(64,12,'Walking','Home',0.24,4.81,28,'2023-03-30 11:07:00','2023-03-30 11:27:00'),(65,12,'Walking','To meeting',0.54,4.72,64,'2023-03-31 14:29:00','2023-03-31 14:36:00'),(66,12,'Running','Home',0.75,5.05,178,'2023-03-31 17:24:00','2023-03-31 17:36:00'),(67,12,'Walking','1',0,0,0,'2023-04-01 10:39:00','2023-04-01 10:39:00'),(68,12,'Walking','Ms to vv',0.57,4.82,68,'2023-04-01 11:11:00','2023-04-01 11:18:00'),(69,12,'Walking','To pam',0.13,5.44,16,'2023-04-02 11:44:00','2023-04-02 11:45:00'),(70,12,'Cycling','Nortinham',12.38,54.68,3174,'2023-04-02 11:54:00','2023-04-02 12:14:00'),(71,12,'Walking','Wandering',0.88,3.13,105,'2023-04-02 15:44:00','2023-04-02 16:02:00'),(81,12,'Walking','1',0.2,26.27,24,'2023-04-08 12:34:00','2023-04-08 12:35:00'),(82,12,'Walking','2',0.01,0.26,1,'2023-04-08 12:36:00','2023-04-08 12:38:00'),(83,12,'Walking','3',0.17,11.63,21,'2023-04-08 12:40:00','2023-04-08 12:41:00'),(84,12,'Running','4',0.75,11.94,179,'2023-04-08 12:41:00','2023-04-08 12:45:00'),(86,12,'Walking','1',0.54,11.24,65,'2023-04-09 23:11:00','2023-04-09 23:14:00'),(87,12,'Running','2',0.7,12.82,168,'2023-04-09 23:14:00','2023-04-09 23:17:00'),(88,12,'Walking','Coop',0.44,5.34,52,'2023-04-10 17:15:00','2023-04-10 17:21:00'),(89,12,'Cycling','Home',0.27,6.1,68,'2023-04-10 17:23:00','2023-04-10 17:27:00'),(90,12,'Walking','Go To Lecture',0.75,3.96,90,'2023-04-13 04:26:00','2023-04-13 04:37:00'),(92,12,'Walking','1',0.49,4.13,59,'2023-04-15 06:05:00','2023-04-15 06:13:00'),(93,12,'Walking','1',0.09,7.81,10,'2023-04-15 08:33:00','2023-04-15 08:33:00'),(94,12,'Walking','3',0.16,11.98,19,'2023-04-15 08:56:00','2023-04-15 08:57:00'),(95,12,'Walking','Go to Lecture',0.77,4.43,92,'2023-04-20 22:45:00','2023-04-20 22:56:00');
/*!40000 ALTER TABLE `Trainings` ENABLE KEYS */;
UNLOCK TABLES;

--
-- Table structure for table `User`
--

DROP TABLE IF EXISTS `User`;
/*!40101 SET @saved_cs_client     = @@character_set_client */;
/*!50503 SET character_set_client = utf8mb4 */;
CREATE TABLE `User` (
  `idUser` int NOT NULL AUTO_INCREMENT,
  `Email` varchar(45) NOT NULL,
  `Password` varchar(255) NOT NULL,
  `Name` varchar(45) DEFAULT NULL,
  `Gender` varchar(45) DEFAULT NULL,
  `Age` int DEFAULT NULL,
  `Height` float DEFAULT NULL,
  `Weight` float DEFAULT NULL,
  `Bmi` float DEFAULT NULL,
  `BodyFatRate` float DEFAULT NULL,
  PRIMARY KEY (`idUser`),
  UNIQUE KEY `idUser_UNIQUE` (`idUser`)
) ENGINE=InnoDB AUTO_INCREMENT=23 DEFAULT CHARSET=utf8mb3;
/*!40101 SET character_set_client = @saved_cs_client */;

--
-- Dumping data for table `User`
--

LOCK TABLES `User` WRITE;
/*!40000 ALTER TABLE `User` DISABLE KEYS */;
INSERT INTO `User` VALUES (11,'1@test.com','$2a$10$Bb0CgUOJSNZXnhUuUZj61.YI8nnPcl9.n0e2ya8UGIv6WSL0C7K2u','test1','Male',16,162,48,18.2899,9.42787),(12,'2@test.com','$2a$10$4CqQTTWTb8mpV4MvG3d/7ez3dVb5WFfu9ZrIeTih3z27UmSUBjlIW','Terenzzzz','Male',23,171,55,18.8,11.6),(13,'3@test.com','$2a$10$Bb0CgUOJSNZXnhUuUZj61.YI8nnPcl9.n0e2ya8UGIv6WSL0C7K2u','Test3','Male',24,183,92,27.4717,22.286),(14,'4@test.com','$2a$10$Bb0CgUOJSNZXnhUuUZj61.YI8nnPcl9.n0e2ya8UGIv6WSL0C7K2u','Testing','Female',18,176,72,16.1,26.6),(15,'5@test.com','$2a$10$Bb0CgUOJSNZXnhUuUZj61.YI8nnPcl9.n0e2ya8UGIv6WSL0C7K2u','5',NULL,NULL,NULL,NULL,NULL,NULL),(16,'6@test.com','$2a$10$T5Mqr131C1D1T.uV6QL7k.wcO8oIfmTh7cqWDY8xLgrBbvjliqqCe','testt','Male',17,162,43,16.3847,7.37164),(17,'7@test.com','$2a$10$uCjo.FPxudvVBgDnVMG0Aue681EZpVeoKKf4Nif5Z.I/vo27dbgDy','Test7','Male',27,174,68,22.46,16.962),(18,'8@test.com','$2a$10$uRsa7Po4BrnUkxN2UQ1qgOxtLlwx9DL87moQ8SW6lDDQ/Fpfn6gSC','Test8','Male',23,172,62,20.9573,14.2387),(19,'9@test.com','$2a$10$vst20TYniYmZ/kaAB.nKN.b61nYz5yqWvbQh/kjn2.1fZWfMVnwPm',NULL,NULL,NULL,NULL,NULL,NULL,NULL),(20,'2544972931@qq.com','$2a$10$0gPKhS28MXa8DnjxFdO6fes9I84jWWJjGilvqpIJYgQsnjeLzWYxi','臭閪','Male',18,180,80,24.7,17.6),(21,'321881@gmail.com','$2a$10$rTCA7pI75KRGdcIkj/8mvuZPMQqjo9ZyEsF0I53lTctjQXpShgO8m','chaojunguo','Male',21,175,70,22.8571,16.0586),(22,'richardhu0307@gmail.com','$2a$10$1pfV.grlz8XEmgOVl97Xe.AY9T0kSkM.GSI1n6mWcxpRpYuI8kIF2','Qingquan Hu','Male',21,175,60,19.5918,12.1402);
/*!40000 ALTER TABLE `User` ENABLE KEYS */;
UNLOCK TABLES;

--
-- Table structure for table `WalkSteps`
--

DROP TABLE IF EXISTS `WalkSteps`;
/*!40101 SET @saved_cs_client     = @@character_set_client */;
/*!50503 SET character_set_client = utf8mb4 */;
CREATE TABLE `WalkSteps` (
  `id` int NOT NULL AUTO_INCREMENT,
  `idUser` int NOT NULL,
  `Steps` int NOT NULL,
  `Time` datetime NOT NULL,
  PRIMARY KEY (`id`)
) ENGINE=InnoDB AUTO_INCREMENT=2360 DEFAULT CHARSET=utf8mb3;
/*!40101 SET character_set_client = @saved_cs_client */;

--
-- Dumping data for table `WalkSteps`
--

LOCK TABLES `WalkSteps` WRITE;
/*!40000 ALTER TABLE `WalkSteps` DISABLE KEYS */;
INSERT INTO `WalkSteps` VALUES (279,12,2246,'2023-02-17 08:01:00'),(280,12,4562,'2023-02-17 08:02:00'),(281,12,245,'2023-02-17 08:03:00'),(282,12,0,'2023-02-17 21:52:25'),(283,12,0,'2023-02-17 21:52:43'),(284,12,0,'2023-02-17 21:52:55'),(285,12,0,'2023-02-17 21:53:13'),(286,12,0,'2023-02-17 21:53:25'),(287,12,0,'2023-02-17 21:53:43'),(288,12,0,'2023-02-17 21:53:55'),(289,12,0,'2023-02-17 21:54:13'),(290,12,0,'2023-02-17 21:54:25'),(291,12,0,'2023-02-17 21:54:43'),(292,12,0,'2023-02-17 21:54:55'),(293,12,0,'2023-02-17 21:54:58'),(294,12,0,'2023-02-17 21:55:13'),(295,12,0,'2023-02-17 21:55:28'),(296,12,0,'2023-02-17 21:55:43'),(297,12,0,'2023-02-17 21:56:13'),(298,12,0,'2023-02-17 21:56:43'),(299,12,0,'2023-02-17 21:57:13'),(300,12,0,'2023-02-17 21:57:43'),(301,12,0,'2023-02-17 21:58:13'),(302,12,0,'2023-02-17 21:58:43'),(303,12,0,'2023-02-17 21:59:13'),(304,12,0,'2023-02-17 21:59:51'),(305,12,0,'2023-02-17 22:00:13'),(306,12,0,'2023-02-17 22:00:21'),(307,12,0,'2023-02-17 22:00:43'),(308,12,0,'2023-02-17 22:00:51'),(309,12,0,'2023-02-17 22:01:13'),(310,12,0,'2023-02-17 22:01:21'),(311,12,0,'2023-02-17 22:01:21'),(312,12,0,'2023-02-17 22:01:43'),(313,12,49,'2023-02-17 22:01:51'),(314,12,0,'2023-02-17 22:01:51'),(315,12,0,'2023-02-17 22:02:13'),(316,12,15,'2023-02-17 22:02:21'),(317,12,0,'2023-02-17 22:02:21'),(318,12,0,'2023-02-17 22:02:43'),(319,12,15,'2023-02-17 22:02:51'),(320,12,0,'2023-02-17 22:02:51'),(321,12,0,'2023-02-17 22:03:13'),(322,12,15,'2023-02-17 22:03:21'),(323,12,0,'2023-02-17 22:03:21'),(324,12,0,'2023-02-17 22:03:43'),(325,12,0,'2023-02-17 22:03:51'),(326,12,0,'2023-02-17 22:04:13'),(327,12,0,'2023-02-18 14:02:11'),(328,12,0,'2023-02-18 14:02:41'),(329,12,0,'2023-02-18 14:03:11'),(330,12,0,'2023-02-18 14:03:41'),(331,12,0,'2023-02-18 14:04:11'),(332,12,0,'2023-02-18 14:04:41'),(333,12,0,'2023-02-18 14:05:11'),(334,12,0,'2023-02-18 14:05:41'),(335,12,0,'2023-02-18 14:06:11'),(336,12,0,'2023-02-18 14:06:41'),(337,12,0,'2023-02-18 14:07:11'),(338,12,0,'2023-02-18 14:07:41'),(339,12,0,'2023-02-18 14:08:11'),(340,12,0,'2023-02-18 14:08:41'),(341,12,0,'2023-02-18 14:09:11'),(342,12,0,'2023-02-18 14:09:41'),(343,12,0,'2023-02-18 14:10:11'),(344,12,0,'2023-02-18 14:10:41'),(345,12,0,'2023-02-18 14:11:11'),(346,12,0,'2023-02-18 14:11:41'),(347,12,0,'2023-02-18 14:12:11'),(348,12,0,'2023-02-18 14:12:41'),(349,12,0,'2023-02-18 14:13:11'),(350,12,0,'2023-02-18 14:13:41'),(351,12,0,'2023-02-18 14:14:11'),(352,12,0,'2023-02-18 14:14:41'),(353,12,0,'2023-02-18 14:15:11'),(354,12,0,'2023-02-18 14:15:41'),(355,12,0,'2023-02-18 14:16:11'),(356,12,0,'2023-02-18 14:16:41'),(357,12,0,'2023-02-18 14:17:11'),(358,12,0,'2023-02-18 14:17:41'),(359,12,0,'2023-02-18 14:18:11'),(360,12,0,'2023-02-18 14:18:41'),(361,12,0,'2023-02-18 14:19:11'),(362,12,0,'2023-02-18 14:19:41'),(363,12,0,'2023-02-18 14:20:11'),(364,12,0,'2023-02-18 14:20:41'),(365,12,0,'2023-02-18 14:21:11'),(366,12,0,'2023-02-18 14:21:41'),(367,12,0,'2023-02-18 14:22:11'),(368,12,0,'2023-02-18 14:22:41'),(369,12,0,'2023-02-18 14:23:11'),(370,12,0,'2023-02-18 14:23:41'),(371,12,0,'2023-02-18 14:24:11'),(372,12,0,'2023-02-18 14:24:41'),(373,12,0,'2023-02-18 14:25:11'),(374,12,0,'2023-02-18 14:25:41'),(375,12,0,'2023-02-18 14:26:11'),(376,12,0,'2023-02-18 14:26:41'),(377,12,0,'2023-02-18 14:27:11'),(378,12,0,'2023-02-18 14:27:41'),(379,12,0,'2023-02-18 14:28:11'),(380,12,0,'2023-02-18 14:28:41'),(381,12,0,'2023-02-18 14:29:11'),(382,12,0,'2023-02-18 14:29:41'),(383,12,0,'2023-02-18 14:30:11'),(384,12,0,'2023-02-18 14:30:41'),(385,12,0,'2023-02-18 14:31:11'),(386,12,0,'2023-02-18 14:31:41'),(387,12,0,'2023-02-18 14:32:11'),(388,12,0,'2023-02-18 14:32:41'),(389,12,0,'2023-02-18 14:33:11'),(390,12,0,'2023-02-18 14:33:41'),(391,12,0,'2023-02-18 14:34:11'),(392,12,0,'2023-02-18 14:34:41'),(393,12,0,'2023-02-18 14:35:11'),(394,12,0,'2023-02-18 14:35:41'),(395,12,0,'2023-02-18 14:36:11'),(396,12,0,'2023-02-18 14:36:41'),(397,12,0,'2023-02-18 14:37:11'),(398,12,0,'2023-02-18 14:37:41'),(399,12,0,'2023-02-18 14:38:11'),(400,12,0,'2023-02-18 14:38:41'),(401,12,0,'2023-02-18 14:39:11'),(402,12,0,'2023-02-18 14:39:41'),(403,12,0,'2023-02-18 14:40:11'),(404,12,0,'2023-02-18 14:40:41'),(405,12,0,'2023-02-18 14:41:11'),(406,12,0,'2023-02-18 14:41:41'),(407,12,0,'2023-02-18 14:42:11'),(408,12,0,'2023-02-18 14:42:41'),(409,12,0,'2023-02-18 14:43:11'),(410,12,0,'2023-02-18 14:43:41'),(411,12,0,'2023-02-18 14:44:11'),(412,12,0,'2023-02-18 14:44:41'),(413,12,0,'2023-02-18 14:45:11'),(414,12,0,'2023-02-18 14:45:41'),(415,12,0,'2023-02-18 14:46:11'),(416,12,0,'2023-02-18 14:46:41'),(417,12,0,'2023-02-18 14:47:11'),(418,12,0,'2023-02-18 14:47:41'),(419,12,0,'2023-02-18 14:48:11'),(420,12,0,'2023-02-18 14:48:41'),(421,12,0,'2023-02-18 14:49:11'),(422,12,0,'2023-02-18 14:49:41'),(423,12,0,'2023-02-18 14:50:11'),(424,12,0,'2023-02-18 14:50:41'),(425,12,0,'2023-02-18 14:51:11'),(426,12,0,'2023-02-18 14:51:41'),(427,12,0,'2023-02-18 14:52:11'),(428,12,0,'2023-02-18 14:52:41'),(429,12,0,'2023-02-18 14:53:11'),(430,12,0,'2023-02-18 14:53:41'),(431,12,0,'2023-02-18 14:54:11'),(432,12,0,'2023-02-18 14:54:41'),(433,12,0,'2023-02-18 14:55:11'),(434,12,0,'2023-02-18 14:55:41'),(435,12,0,'2023-02-18 14:56:11'),(436,12,63,'2023-02-18 14:57:09'),(437,12,63,'2023-02-18 14:57:39'),(438,12,63,'2023-02-18 14:58:09'),(439,12,0,'2023-02-18 15:00:39'),(440,12,49,'2023-02-18 15:01:09'),(441,12,40,'2023-02-18 15:01:39'),(442,12,96,'2023-02-18 15:02:53'),(443,12,96,'2023-02-18 15:03:23'),(444,12,0,'2023-02-18 17:38:16'),(445,12,0,'2023-02-18 17:45:27'),(446,12,0,'2023-02-18 17:55:11'),(447,12,0,'2023-02-18 17:55:16'),(448,12,0,'2023-02-18 17:55:21'),(449,12,0,'2023-02-18 17:55:26'),(450,12,17,'2023-02-18 17:55:31'),(451,12,11,'2023-02-18 17:55:36'),(452,12,11,'2023-02-18 17:55:41'),(453,12,2,'2023-02-18 17:55:46'),(454,12,2,'2023-02-18 17:55:51'),(455,12,2,'2023-02-18 17:55:56'),(456,12,2,'2023-02-18 17:56:01'),(457,12,10,'2023-02-18 17:56:06'),(458,12,3,'2023-02-18 17:56:11'),(459,12,6,'2023-02-18 17:56:16'),(460,12,6,'2023-02-18 17:56:21'),(461,12,6,'2023-02-18 17:56:26'),(462,12,6,'2023-02-18 17:56:31'),(463,12,6,'2023-02-18 17:56:36'),(464,12,6,'2023-02-18 17:56:41'),(465,12,6,'2023-02-18 17:56:46'),(466,12,17,'2023-02-18 17:56:51'),(467,12,17,'2023-02-18 17:56:56'),(468,12,0,'2023-02-18 18:00:50'),(469,12,0,'2023-02-18 18:00:55'),(470,12,0,'2023-02-18 18:01:00'),(471,12,16,'2023-02-18 18:01:05'),(472,12,3,'2023-02-18 18:01:10'),(473,12,3,'2023-02-18 18:01:15'),(474,12,3,'2023-02-18 18:01:20'),(475,12,3,'2023-02-18 18:01:25'),(476,12,3,'2023-02-18 18:01:30'),(477,12,16,'2023-02-18 18:01:35'),(478,12,16,'2023-02-18 18:01:40'),(479,12,16,'2023-02-18 18:01:45'),(480,12,16,'2023-02-18 18:01:50'),(481,12,0,'2023-02-18 18:06:54'),(482,12,0,'2023-02-18 18:06:59'),(483,12,0,'2023-02-18 18:07:04'),(484,12,0,'2023-02-18 18:07:09'),(485,12,15,'2023-02-18 18:07:14'),(486,12,8,'2023-02-18 18:07:19'),(487,12,0,'2023-02-18 18:07:24'),(488,12,0,'2023-02-18 18:07:29'),(489,12,0,'2023-02-18 18:07:34'),(490,12,0,'2023-02-18 18:07:39'),(491,12,0,'2023-02-18 18:07:44'),(492,12,20,'2023-02-18 18:07:49'),(493,12,1,'2023-02-18 18:07:54'),(494,12,0,'2023-02-18 18:07:59'),(495,12,0,'2023-02-18 18:08:04'),(496,12,0,'2023-02-18 18:08:09'),(497,12,0,'2023-02-18 18:08:14'),(498,12,0,'2023-02-18 18:08:19'),(499,12,0,'2023-02-18 18:14:06'),(500,12,0,'2023-02-18 18:14:11'),(501,12,0,'2023-02-18 18:14:16'),(502,12,0,'2023-02-18 18:20:14'),(503,12,0,'2023-02-18 18:20:19'),(504,12,0,'2023-02-18 18:20:24'),(505,12,0,'2023-02-18 18:20:29'),(506,12,20,'2023-02-18 20:40:41'),(507,12,0,'2023-02-18 20:41:05'),(508,12,0,'2023-02-18 20:41:35'),(509,12,0,'2023-02-18 20:41:53'),(510,12,100,'2023-02-18 20:42:02'),(511,12,100,'2023-02-18 21:09:41'),(512,12,0,'2023-02-18 21:22:02'),(513,12,0,'2023-02-18 21:22:07'),(514,12,0,'2023-02-18 21:22:12'),(515,12,0,'2023-02-18 21:22:17'),(516,12,11,'2023-02-18 21:22:22'),(517,12,11,'2023-02-18 21:22:27'),(518,12,7,'2023-02-18 21:22:32'),(519,12,0,'2023-02-18 21:22:37'),(520,12,0,'2023-02-18 21:22:42'),(521,12,0,'2023-02-18 21:22:47'),(522,12,0,'2023-02-18 21:26:43'),(523,12,0,'2023-02-18 21:26:48'),(524,12,0,'2023-02-18 21:26:53'),(525,12,0,'2023-02-18 21:26:58'),(526,12,0,'2023-02-18 21:27:03'),(527,12,0,'2023-02-18 21:27:08'),(528,12,0,'2023-02-18 21:27:13'),(529,12,0,'2023-02-18 21:27:18'),(530,12,0,'2023-02-18 21:27:23'),(531,12,12,'2023-02-18 21:27:28'),(532,12,6,'2023-02-18 21:27:33'),(533,12,0,'2023-02-18 21:27:38'),(534,12,0,'2023-02-18 21:29:26'),(535,12,0,'2023-02-18 21:29:31'),(536,12,0,'2023-02-18 21:29:36'),(537,12,0,'2023-02-18 21:29:41'),(538,12,0,'2023-02-18 21:29:46'),(539,12,0,'2023-02-18 21:29:51'),(540,12,0,'2023-02-18 21:29:56'),(541,12,0,'2023-02-18 22:26:16'),(542,12,0,'2023-02-18 22:26:21'),(543,12,0,'2023-02-18 22:26:26'),(544,12,0,'2023-02-18 22:26:31'),(545,12,0,'2023-02-18 22:26:36'),(546,12,0,'2023-02-18 22:26:41'),(547,12,0,'2023-02-18 22:26:46'),(548,12,0,'2023-02-18 22:26:51'),(549,12,0,'2023-02-18 22:28:18'),(550,12,0,'2023-02-18 22:28:23'),(551,12,0,'2023-02-18 22:28:28'),(552,12,0,'2023-02-18 22:28:33'),(553,12,0,'2023-02-18 22:28:38'),(554,12,0,'2023-02-18 22:28:43'),(555,12,0,'2023-02-18 22:28:48'),(556,12,0,'2023-02-18 22:58:23'),(557,12,0,'2023-02-18 22:58:53'),(558,12,0,'2023-02-18 22:59:23'),(559,12,0,'2023-02-18 22:59:53'),(560,12,0,'2023-02-18 23:00:23'),(561,12,0,'2023-02-18 23:00:53'),(562,12,0,'2023-02-18 23:01:23'),(563,12,0,'2023-02-18 23:01:53'),(564,12,0,'2023-02-18 23:02:23'),(565,12,0,'2023-02-18 23:02:53'),(566,12,0,'2023-02-18 23:03:23'),(567,12,0,'2023-02-18 23:03:53'),(568,12,0,'2023-02-18 23:04:23'),(569,12,0,'2023-02-18 23:04:53'),(570,12,0,'2023-02-18 23:05:23'),(571,12,0,'2023-02-18 23:05:53'),(572,12,0,'2023-02-18 23:06:23'),(573,12,0,'2023-02-18 23:06:53'),(574,12,0,'2023-02-18 23:07:23'),(575,12,0,'2023-02-18 23:07:53'),(576,12,0,'2023-02-18 23:08:23'),(577,12,0,'2023-02-18 23:08:53'),(578,12,0,'2023-02-18 23:09:23'),(579,12,0,'2023-02-18 23:09:53'),(580,12,0,'2023-02-18 23:10:23'),(581,12,0,'2023-02-18 23:10:53'),(582,12,0,'2023-02-18 23:11:23'),(583,12,0,'2023-02-18 23:11:53'),(584,12,0,'2023-02-18 23:12:23'),(585,12,0,'2023-02-18 23:12:53'),(586,12,0,'2023-02-18 23:13:23'),(587,12,0,'2023-02-18 23:13:53'),(588,12,0,'2023-02-19 15:27:28'),(589,12,0,'2023-02-19 15:27:58'),(590,12,0,'2023-02-19 15:28:08'),(591,12,0,'2023-02-19 15:28:13'),(592,12,0,'2023-02-19 15:28:18'),(593,12,0,'2023-02-19 15:28:23'),(594,12,0,'2023-02-19 15:28:28'),(595,12,0,'2023-02-19 15:28:33'),(596,12,0,'2023-02-19 15:28:38'),(597,12,0,'2023-02-19 15:28:43'),(598,12,0,'2023-02-19 15:28:48'),(599,12,0,'2023-02-19 15:28:53'),(600,12,0,'2023-02-19 15:28:58'),(601,12,0,'2023-02-19 15:29:03'),(602,12,0,'2023-02-19 15:29:08'),(603,12,0,'2023-02-19 15:29:13'),(604,12,0,'2023-02-19 15:29:18'),(605,12,0,'2023-02-19 15:29:23'),(606,12,0,'2023-02-19 15:29:28'),(607,12,0,'2023-02-19 15:29:33'),(608,12,0,'2023-02-19 15:29:38'),(609,12,0,'2023-02-19 15:29:43'),(610,12,0,'2023-02-19 15:29:48'),(611,12,0,'2023-02-19 15:29:53'),(612,12,0,'2023-02-19 15:29:58'),(613,12,0,'2023-02-19 15:30:03'),(614,12,0,'2023-02-19 15:30:08'),(615,12,0,'2023-02-19 15:30:13'),(616,12,0,'2023-02-19 15:30:18'),(617,12,0,'2023-02-19 15:30:23'),(618,12,0,'2023-02-19 15:30:28'),(619,12,0,'2023-02-19 15:30:33'),(620,12,0,'2023-02-19 15:30:38'),(621,12,0,'2023-02-19 15:30:43'),(622,12,0,'2023-02-19 15:30:48'),(623,12,0,'2023-02-19 15:30:53'),(624,12,0,'2023-02-19 15:30:58'),(625,12,0,'2023-02-19 15:31:03'),(626,12,0,'2023-02-19 15:31:07'),(627,12,0,'2023-02-19 15:31:12'),(628,12,0,'2023-02-19 15:31:17'),(629,12,0,'2023-02-19 15:36:18'),(630,12,0,'2023-02-19 15:36:23'),(631,12,0,'2023-02-19 15:36:28'),(632,12,0,'2023-02-19 15:36:33'),(633,12,0,'2023-02-19 15:36:38'),(634,12,0,'2023-02-19 15:36:43'),(635,12,0,'2023-02-19 15:36:48'),(636,12,0,'2023-02-19 15:36:53'),(637,12,0,'2023-02-19 15:36:58'),(638,12,0,'2023-02-19 15:37:03'),(639,12,0,'2023-02-19 15:37:08'),(640,12,0,'2023-02-19 15:37:13'),(641,12,0,'2023-02-19 15:37:18'),(642,12,0,'2023-02-19 15:37:23'),(643,12,0,'2023-02-19 15:37:28'),(644,12,0,'2023-02-19 15:37:33'),(645,12,0,'2023-02-19 15:37:38'),(646,12,0,'2023-02-19 15:37:43'),(647,12,0,'2023-02-19 15:37:48'),(648,12,0,'2023-02-19 15:37:53'),(649,12,0,'2023-02-19 15:37:58'),(650,12,0,'2023-02-19 15:38:03'),(651,12,0,'2023-02-19 15:38:08'),(652,12,0,'2023-02-19 15:38:13'),(653,12,0,'2023-02-19 15:38:18'),(654,12,0,'2023-02-19 15:38:23'),(655,12,0,'2023-02-19 15:38:28'),(656,12,0,'2023-02-19 15:38:33'),(657,12,0,'2023-02-19 16:14:31'),(658,12,0,'2023-02-19 16:26:50'),(659,12,0,'2023-02-19 16:26:55'),(660,12,0,'2023-02-19 16:27:00'),(661,12,0,'2023-02-19 16:27:05'),(662,12,0,'2023-02-19 16:27:10'),(663,12,0,'2023-02-19 16:27:15'),(664,12,0,'2023-02-19 16:27:20'),(665,12,0,'2023-02-19 16:27:25'),(666,12,0,'2023-02-19 16:27:30'),(667,12,0,'2023-02-19 16:27:35'),(668,12,0,'2023-02-19 16:27:40'),(669,12,0,'2023-02-19 16:27:45'),(670,12,0,'2023-02-19 16:27:50'),(671,12,0,'2023-02-19 16:27:55'),(672,12,0,'2023-02-19 16:28:00'),(673,12,0,'2023-02-19 16:28:05'),(674,12,0,'2023-02-19 16:28:10'),(675,12,0,'2023-02-19 16:28:15'),(676,12,0,'2023-02-19 16:28:20'),(677,12,0,'2023-02-19 16:28:25'),(678,12,0,'2023-02-19 16:28:30'),(679,12,0,'2023-02-19 16:28:40'),(680,12,0,'2023-02-19 16:28:45'),(681,12,0,'2023-02-19 16:28:50'),(682,12,0,'2023-02-19 16:28:55'),(683,12,0,'2023-02-19 16:29:00'),(684,12,0,'2023-02-19 16:29:05'),(685,12,0,'2023-02-19 16:29:10'),(686,12,0,'2023-02-19 16:29:15'),(687,12,0,'2023-02-19 16:29:20'),(688,12,0,'2023-02-19 16:29:25'),(689,12,0,'2023-02-19 16:29:30'),(690,12,0,'2023-02-19 16:29:35'),(691,12,0,'2023-02-19 16:29:40'),(692,12,0,'2023-02-19 16:29:45'),(693,12,0,'2023-02-19 16:29:50'),(694,12,0,'2023-02-19 16:30:07'),(695,12,0,'2023-02-19 16:30:12'),(696,12,0,'2023-02-19 16:30:17'),(697,12,0,'2023-02-19 16:30:22'),(698,12,0,'2023-02-19 16:30:27'),(699,12,0,'2023-02-19 16:30:32'),(700,12,0,'2023-02-19 16:30:37'),(701,12,0,'2023-02-19 16:30:42'),(702,12,0,'2023-02-19 16:30:47'),(703,12,0,'2023-02-19 16:30:52'),(704,12,0,'2023-02-19 16:30:57'),(705,12,0,'2023-02-19 16:31:02'),(706,12,0,'2023-02-19 16:31:07'),(707,12,0,'2023-02-19 16:31:12'),(708,12,0,'2023-02-19 16:31:17'),(709,12,0,'2023-02-19 16:31:22'),(710,12,0,'2023-02-19 16:31:27'),(711,12,0,'2023-02-19 16:31:32'),(712,12,0,'2023-02-19 16:31:37'),(713,12,0,'2023-02-19 16:31:37'),(714,12,0,'2023-02-19 16:31:41'),(715,12,0,'2023-02-19 16:31:42'),(716,12,0,'2023-02-19 16:31:46'),(717,12,0,'2023-02-19 16:31:47'),(718,12,0,'2023-02-19 16:31:51'),(719,12,0,'2023-02-19 16:31:52'),(720,12,0,'2023-02-19 16:31:56'),(721,12,0,'2023-02-19 16:31:57'),(722,12,0,'2023-02-19 16:32:01'),(723,12,0,'2023-02-19 16:32:02'),(724,12,0,'2023-02-19 16:32:06'),(725,12,0,'2023-02-19 16:32:07'),(726,12,0,'2023-02-19 16:32:11'),(727,12,0,'2023-02-19 16:32:12'),(728,12,0,'2023-02-19 16:32:16'),(729,12,0,'2023-02-19 16:32:17'),(730,12,0,'2023-02-19 16:32:21'),(731,12,0,'2023-02-19 16:32:22'),(732,12,0,'2023-02-19 16:32:26'),(733,12,0,'2023-02-19 16:32:27'),(734,12,0,'2023-02-19 16:32:31'),(735,12,0,'2023-02-19 16:32:32'),(736,12,0,'2023-02-19 16:32:36'),(737,12,0,'2023-02-19 16:32:37'),(738,12,0,'2023-02-19 16:32:41'),(739,12,0,'2023-02-19 16:32:42'),(740,12,0,'2023-02-19 16:32:46'),(741,12,0,'2023-02-19 16:32:51'),(742,12,0,'2023-02-19 16:32:56'),(743,12,0,'2023-02-19 16:33:01'),(744,12,0,'2023-02-19 16:33:06'),(745,12,0,'2023-02-19 16:33:11'),(746,12,0,'2023-02-19 16:33:16'),(747,12,0,'2023-02-19 16:33:21'),(748,12,0,'2023-02-19 16:33:26'),(749,12,0,'2023-02-19 16:33:31'),(750,12,0,'2023-02-19 16:33:36'),(751,12,0,'2023-02-19 16:33:41'),(752,12,0,'2023-02-19 16:33:46'),(753,12,0,'2023-02-19 16:33:51'),(754,12,0,'2023-02-19 16:33:56'),(755,12,0,'2023-02-19 16:34:01'),(756,12,0,'2023-02-19 16:34:06'),(757,12,0,'2023-02-19 16:34:11'),(758,12,0,'2023-02-19 16:34:16'),(759,12,0,'2023-02-19 16:34:21'),(760,12,0,'2023-02-19 16:34:26'),(761,12,0,'2023-02-19 16:34:31'),(762,12,0,'2023-02-19 16:54:57'),(763,12,0,'2023-02-19 16:55:02'),(764,12,0,'2023-02-19 16:55:07'),(765,12,0,'2023-02-19 16:55:12'),(766,12,0,'2023-02-19 16:55:17'),(767,12,0,'2023-02-19 16:55:22'),(768,12,0,'2023-02-19 16:55:27'),(769,12,0,'2023-02-19 16:55:32'),(770,12,0,'2023-02-19 16:55:37'),(771,12,0,'2023-02-19 16:55:42'),(772,12,0,'2023-02-19 16:55:47'),(773,12,0,'2023-02-19 16:55:52'),(774,12,0,'2023-02-19 16:55:57'),(775,12,0,'2023-02-19 16:56:02'),(776,12,0,'2023-02-19 16:56:07'),(777,12,0,'2023-02-19 16:56:12'),(778,12,0,'2023-02-19 16:56:17'),(779,12,0,'2023-02-19 16:56:22'),(780,12,0,'2023-02-19 16:56:27'),(781,12,0,'2023-02-19 16:56:32'),(782,12,0,'2023-02-19 16:56:37'),(783,12,0,'2023-02-19 16:56:42'),(784,12,0,'2023-02-19 16:56:47'),(785,12,0,'2023-02-19 16:56:52'),(786,12,0,'2023-02-19 16:56:57'),(787,12,0,'2023-02-19 16:57:02'),(788,12,0,'2023-02-19 16:57:07'),(789,12,0,'2023-02-19 16:57:12'),(790,12,0,'2023-02-19 16:57:17'),(791,12,0,'2023-02-19 16:57:22'),(792,12,0,'2023-02-19 16:57:27'),(793,12,0,'2023-02-19 16:57:32'),(794,12,0,'2023-02-19 16:57:37'),(795,12,0,'2023-02-19 16:57:42'),(796,12,0,'2023-02-19 16:57:47'),(797,12,0,'2023-02-19 16:57:52'),(798,12,0,'2023-02-19 16:57:57'),(799,12,0,'2023-02-19 16:58:02'),(800,12,0,'2023-02-19 16:58:07'),(801,12,0,'2023-02-19 16:58:12'),(802,12,0,'2023-02-19 16:58:17'),(803,12,0,'2023-02-19 16:58:22'),(804,12,0,'2023-02-19 16:58:27'),(805,12,0,'2023-02-19 16:58:32'),(806,12,0,'2023-02-19 16:58:37'),(807,12,0,'2023-02-19 16:58:42'),(808,12,0,'2023-02-19 16:58:47'),(809,12,0,'2023-02-19 16:58:52'),(810,12,0,'2023-02-19 16:58:57'),(811,12,0,'2023-02-19 16:59:02'),(812,12,0,'2023-02-19 16:59:07'),(813,12,0,'2023-02-19 16:59:12'),(814,12,0,'2023-02-19 16:59:17'),(815,12,0,'2023-02-19 16:59:22'),(816,12,0,'2023-02-19 16:59:27'),(817,12,0,'2023-02-19 16:59:32'),(818,12,0,'2023-02-19 16:59:37'),(819,12,0,'2023-02-19 16:59:42'),(820,12,0,'2023-02-19 16:59:47'),(821,12,0,'2023-02-19 16:59:52'),(822,12,0,'2023-02-19 16:59:57'),(823,12,0,'2023-02-19 17:00:02'),(824,12,0,'2023-02-19 17:00:07'),(825,12,0,'2023-02-19 17:00:12'),(826,12,0,'2023-02-19 17:00:17'),(827,12,0,'2023-02-19 17:00:22'),(828,12,0,'2023-02-19 17:00:27'),(829,12,0,'2023-02-19 17:00:32'),(830,12,0,'2023-02-19 17:00:37'),(831,12,0,'2023-02-19 17:00:42'),(832,12,0,'2023-02-19 17:00:47'),(833,12,0,'2023-02-19 17:00:55'),(834,12,0,'2023-02-19 17:00:59'),(835,12,0,'2023-02-19 17:01:05'),(836,12,0,'2023-02-19 17:01:10'),(837,12,0,'2023-02-19 17:01:15'),(838,12,0,'2023-02-19 17:01:20'),(839,12,0,'2023-02-19 17:01:25'),(840,12,0,'2023-02-19 17:01:33'),(841,12,0,'2023-02-19 17:01:38'),(842,12,0,'2023-02-19 17:01:43'),(843,12,0,'2023-02-19 17:01:48'),(844,12,0,'2023-02-19 17:01:54'),(845,12,0,'2023-02-19 17:01:59'),(846,12,0,'2023-02-19 17:02:04'),(847,12,0,'2023-02-19 17:02:09'),(848,12,0,'2023-02-19 17:02:14'),(849,12,0,'2023-02-19 17:02:19'),(850,12,0,'2023-02-19 17:02:24'),(851,12,0,'2023-02-19 17:02:29'),(852,12,0,'2023-02-19 17:02:34'),(853,12,0,'2023-02-19 17:02:39'),(854,12,0,'2023-02-19 17:02:44'),(855,12,0,'2023-02-19 17:02:49'),(856,12,0,'2023-02-19 17:02:54'),(857,12,0,'2023-02-19 17:02:59'),(858,12,0,'2023-02-19 17:03:04'),(859,12,0,'2023-02-19 17:03:09'),(860,12,0,'2023-02-19 17:03:14'),(861,12,0,'2023-02-19 17:03:19'),(862,12,0,'2023-02-19 17:03:24'),(863,12,0,'2023-02-19 17:03:29'),(864,12,0,'2023-02-19 17:03:34'),(865,12,0,'2023-02-19 17:03:39'),(866,12,0,'2023-02-19 17:03:44'),(867,12,0,'2023-02-19 17:03:49'),(868,12,0,'2023-02-19 17:03:54'),(869,12,0,'2023-02-19 17:03:59'),(870,12,0,'2023-02-19 17:04:04'),(871,12,0,'2023-02-19 17:04:09'),(872,12,0,'2023-02-19 17:04:14'),(873,12,0,'2023-02-19 17:04:19'),(874,12,0,'2023-02-19 17:04:24'),(875,12,0,'2023-02-19 17:04:29'),(876,12,0,'2023-02-19 17:04:34'),(877,12,0,'2023-02-19 17:04:39'),(878,12,0,'2023-02-19 17:04:44'),(879,12,0,'2023-02-19 17:04:49'),(880,12,0,'2023-02-19 17:04:54'),(881,12,0,'2023-02-19 17:04:59'),(882,12,0,'2023-02-19 17:05:04'),(883,12,0,'2023-02-19 17:05:09'),(884,12,0,'2023-02-19 17:05:14'),(885,12,0,'2023-02-19 17:05:19'),(886,12,0,'2023-02-19 17:05:24'),(887,12,0,'2023-02-19 17:05:29'),(888,12,0,'2023-02-19 17:05:34'),(889,12,0,'2023-02-19 17:05:39'),(890,12,0,'2023-02-19 17:05:44'),(891,12,0,'2023-02-19 17:05:49'),(892,12,0,'2023-02-19 17:05:54'),(893,12,0,'2023-02-19 17:05:59'),(894,12,0,'2023-02-19 17:06:04'),(895,12,0,'2023-02-19 17:06:09'),(896,12,0,'2023-02-19 17:06:14'),(897,12,0,'2023-02-19 17:06:19'),(898,12,0,'2023-02-19 17:06:24'),(899,12,0,'2023-02-19 17:06:29'),(900,12,0,'2023-02-19 17:06:34'),(901,12,0,'2023-02-19 17:06:39'),(902,12,0,'2023-02-19 17:06:44'),(903,12,0,'2023-02-19 17:06:49'),(904,12,0,'2023-02-19 17:06:54'),(905,12,0,'2023-02-19 17:06:59'),(906,12,0,'2023-02-19 17:07:04'),(907,12,0,'2023-02-19 17:07:09'),(908,12,0,'2023-02-19 17:07:14'),(909,12,0,'2023-02-19 17:07:19'),(910,12,0,'2023-02-19 17:07:24'),(911,12,0,'2023-02-19 17:07:29'),(912,12,0,'2023-02-19 17:07:34'),(913,12,0,'2023-02-19 17:07:39'),(914,12,0,'2023-02-19 17:07:44'),(915,12,0,'2023-02-19 17:07:49'),(916,12,0,'2023-02-19 17:07:54'),(917,12,0,'2023-02-19 17:07:59'),(918,12,0,'2023-02-19 17:08:04'),(919,12,0,'2023-02-19 17:08:09'),(920,12,0,'2023-02-19 17:08:14'),(921,12,0,'2023-02-19 17:08:19'),(922,12,0,'2023-02-19 17:08:24'),(923,12,0,'2023-02-19 17:08:29'),(924,12,0,'2023-02-19 17:08:34'),(925,12,0,'2023-02-19 17:08:39'),(926,12,0,'2023-02-19 17:08:44'),(927,12,0,'2023-02-19 17:08:49'),(928,12,0,'2023-02-19 17:08:54'),(929,12,0,'2023-02-19 17:08:59'),(930,12,0,'2023-02-19 17:09:04'),(931,12,0,'2023-02-19 17:09:09'),(932,12,0,'2023-02-19 17:09:14'),(933,12,0,'2023-02-19 17:09:19'),(934,12,0,'2023-02-19 17:09:24'),(935,12,0,'2023-02-19 17:09:29'),(936,12,0,'2023-02-19 17:09:34'),(937,12,0,'2023-02-19 17:09:39'),(938,12,0,'2023-02-19 17:09:44'),(939,12,0,'2023-02-19 17:09:49'),(940,12,0,'2023-02-19 17:09:54'),(941,12,0,'2023-02-19 17:09:59'),(942,12,0,'2023-02-19 17:10:04'),(943,12,0,'2023-02-19 17:10:09'),(944,12,0,'2023-02-19 17:10:14'),(945,12,0,'2023-02-19 17:10:19'),(946,12,0,'2023-02-19 17:10:24'),(947,12,0,'2023-02-19 17:10:29'),(948,12,0,'2023-02-19 17:10:34'),(949,12,0,'2023-02-19 17:10:39'),(950,12,16,'2023-02-19 17:10:44'),(951,12,11,'2023-02-19 17:10:49'),(952,12,10,'2023-02-19 17:10:54'),(953,12,10,'2023-02-19 17:10:59'),(954,12,9,'2023-02-19 17:11:04'),(955,12,2,'2023-02-19 17:11:09'),(956,12,0,'2023-02-19 17:11:14'),(957,12,0,'2023-02-19 17:11:19'),(958,12,0,'2023-02-19 17:11:24'),(959,12,0,'2023-02-19 17:11:29'),(960,12,17,'2023-02-19 17:11:45'),(961,12,39,'2023-02-19 17:12:06'),(962,12,4,'2023-02-19 17:12:11'),(963,12,1,'2023-02-19 17:12:16'),(964,12,0,'2023-02-19 17:12:21'),(965,12,0,'2023-02-19 17:12:26'),(966,12,0,'2023-02-19 17:12:31'),(967,12,0,'2023-02-19 17:12:36'),(968,12,0,'2023-02-19 17:12:41'),(969,12,0,'2023-02-19 17:12:46'),(970,12,0,'2023-02-19 17:12:51'),(971,12,0,'2023-02-19 17:12:56'),(972,12,0,'2023-02-19 17:13:01'),(973,12,0,'2023-02-19 17:13:06'),(974,12,0,'2023-02-19 17:13:11'),(975,12,0,'2023-02-19 17:13:18'),(976,12,0,'2023-02-19 17:13:23'),(977,12,0,'2023-02-19 17:13:28'),(978,12,0,'2023-02-19 17:13:33'),(979,12,0,'2023-02-19 17:13:38'),(980,12,0,'2023-02-19 17:13:43'),(981,12,0,'2023-02-19 17:13:48'),(982,12,0,'2023-02-19 17:13:53'),(983,12,0,'2023-02-19 17:13:58'),(984,12,0,'2023-02-19 17:14:03'),(985,12,0,'2023-02-19 17:14:08'),(986,12,0,'2023-02-19 17:14:13'),(987,12,0,'2023-02-19 17:14:18'),(988,12,0,'2023-02-19 17:14:23'),(989,12,0,'2023-02-19 17:14:28'),(990,12,0,'2023-02-19 17:14:33'),(991,12,0,'2023-02-19 17:14:38'),(992,12,0,'2023-02-19 17:14:43'),(993,12,0,'2023-02-19 17:14:48'),(994,12,0,'2023-02-19 17:14:53'),(995,12,0,'2023-02-19 17:14:58'),(996,12,0,'2023-02-19 17:15:03'),(997,12,0,'2023-02-19 17:15:08'),(998,12,0,'2023-02-19 17:15:13'),(999,12,0,'2023-02-19 17:15:18'),(1000,12,0,'2023-02-19 17:15:23'),(1001,12,0,'2023-02-19 17:15:28'),(1002,12,0,'2023-02-19 17:15:33'),(1003,12,0,'2023-02-19 17:15:38'),(1004,12,0,'2023-02-19 17:15:43'),(1005,12,0,'2023-02-19 17:15:48'),(1006,12,0,'2023-02-19 17:15:53'),(1007,12,0,'2023-02-19 17:15:58'),(1008,12,0,'2023-02-19 17:16:03'),(1009,12,0,'2023-02-19 17:16:08'),(1010,12,0,'2023-02-19 17:16:13'),(1011,12,0,'2023-02-19 17:16:18'),(1012,12,0,'2023-02-19 17:16:23'),(1013,12,0,'2023-02-19 17:16:28'),(1014,12,0,'2023-02-19 17:16:33'),(1015,12,0,'2023-02-19 17:16:38'),(1016,12,0,'2023-02-19 17:16:43'),(1017,12,0,'2023-02-19 17:16:48'),(1018,12,0,'2023-02-19 17:16:53'),(1019,12,0,'2023-02-19 17:16:58'),(1020,12,0,'2023-02-19 17:17:03'),(1021,12,0,'2023-02-19 17:17:08'),(1022,12,0,'2023-02-19 17:17:13'),(1023,12,0,'2023-02-19 17:17:18'),(1024,12,0,'2023-02-19 17:17:23'),(1025,12,0,'2023-02-19 17:17:28'),(1026,12,0,'2023-02-19 17:17:33'),(1027,12,0,'2023-02-19 17:17:38'),(1028,12,0,'2023-02-19 17:17:43'),(1029,12,0,'2023-02-19 17:17:48'),(1030,12,0,'2023-02-19 17:17:53'),(1031,12,0,'2023-02-19 17:17:58'),(1032,12,0,'2023-02-19 17:18:03'),(1033,12,0,'2023-02-19 17:18:08'),(1034,12,0,'2023-02-19 17:18:13'),(1035,12,0,'2023-02-19 17:18:18'),(1036,12,0,'2023-02-19 17:18:40'),(1037,12,0,'2023-02-19 17:18:45'),(1038,12,0,'2023-02-19 17:18:50'),(1039,12,0,'2023-02-19 17:18:55'),(1040,12,0,'2023-02-19 17:19:00'),(1041,12,0,'2023-02-19 17:19:05'),(1042,12,0,'2023-02-19 17:19:10'),(1043,12,0,'2023-02-19 17:19:15'),(1044,12,0,'2023-02-19 17:19:20'),(1045,12,0,'2023-02-19 17:19:25'),(1046,12,0,'2023-02-19 17:19:30'),(1047,12,0,'2023-02-19 17:19:35'),(1048,12,0,'2023-02-19 17:19:40'),(1049,12,0,'2023-02-19 17:19:45'),(1050,12,0,'2023-02-19 17:19:53'),(1051,12,0,'2023-02-19 17:19:58'),(1052,12,0,'2023-02-19 17:20:03'),(1053,12,0,'2023-02-19 17:20:08'),(1054,12,0,'2023-02-19 17:20:13'),(1055,12,0,'2023-02-19 17:20:18'),(1056,12,0,'2023-02-19 17:20:23'),(1057,12,0,'2023-02-19 17:20:28'),(1058,12,0,'2023-02-19 17:20:33'),(1059,12,0,'2023-02-19 17:20:38'),(1060,12,0,'2023-02-19 17:20:43'),(1061,12,0,'2023-02-19 17:20:48'),(1062,12,0,'2023-02-19 17:20:53'),(1063,12,0,'2023-02-19 17:20:58'),(1064,12,0,'2023-02-19 17:21:03'),(1065,12,0,'2023-02-19 17:21:08'),(1066,12,0,'2023-02-19 17:21:13'),(1067,12,0,'2023-02-19 17:21:18'),(1068,12,0,'2023-02-19 17:21:23'),(1069,12,0,'2023-02-19 17:21:28'),(1070,12,0,'2023-02-19 17:21:33'),(1071,12,0,'2023-02-19 17:21:38'),(1072,12,0,'2023-02-19 17:21:45'),(1073,12,0,'2023-02-19 17:21:50'),(1074,12,0,'2023-02-19 17:21:58'),(1075,12,0,'2023-02-19 17:22:03'),(1076,12,0,'2023-02-19 17:22:08'),(1077,12,0,'2023-02-19 17:22:13'),(1078,12,0,'2023-02-19 17:22:18'),(1079,12,0,'2023-02-19 17:22:24'),(1080,12,0,'2023-02-19 17:22:29'),(1081,12,0,'2023-02-19 17:22:34'),(1082,12,0,'2023-02-19 17:22:39'),(1083,12,0,'2023-02-19 17:22:44'),(1084,12,0,'2023-02-19 17:22:50'),(1085,12,0,'2023-02-19 17:22:55'),(1086,12,0,'2023-02-19 17:23:00'),(1087,12,0,'2023-02-19 17:23:05'),(1088,12,0,'2023-02-19 17:23:10'),(1089,12,0,'2023-02-19 17:23:15'),(1090,12,0,'2023-02-19 17:23:20'),(1091,12,0,'2023-02-19 17:23:25'),(1092,12,0,'2023-02-19 17:23:30'),(1093,12,0,'2023-02-19 17:23:35'),(1094,12,0,'2023-02-19 17:23:40'),(1095,12,0,'2023-02-19 17:23:45'),(1096,12,0,'2023-02-19 17:23:50'),(1097,12,0,'2023-02-19 17:23:55'),(1098,12,0,'2023-02-19 17:24:00'),(1099,12,0,'2023-02-19 17:24:05'),(1100,12,0,'2023-02-19 17:24:10'),(1101,12,0,'2023-02-19 17:24:15'),(1102,12,0,'2023-02-19 17:24:20'),(1103,12,0,'2023-02-19 17:24:25'),(1104,12,0,'2023-02-19 17:24:30'),(1105,12,0,'2023-02-19 17:24:35'),(1106,12,0,'2023-02-19 17:24:40'),(1107,12,0,'2023-02-19 17:24:45'),(1108,12,0,'2023-02-19 17:24:50'),(1109,12,0,'2023-02-19 17:24:55'),(1110,12,0,'2023-02-19 17:25:00'),(1111,12,0,'2023-02-19 17:25:05'),(1112,12,0,'2023-02-19 17:25:10'),(1113,12,0,'2023-02-19 17:25:15'),(1114,12,0,'2023-02-19 17:25:20'),(1115,12,0,'2023-02-19 17:25:25'),(1116,12,0,'2023-02-19 17:25:30'),(1117,12,0,'2023-02-19 17:25:35'),(1118,12,0,'2023-02-19 17:25:40'),(1119,12,0,'2023-02-19 17:25:45'),(1120,12,0,'2023-02-19 17:25:50'),(1121,12,0,'2023-02-19 17:25:55'),(1122,12,0,'2023-02-19 17:26:00'),(1123,12,0,'2023-02-19 17:26:05'),(1124,12,0,'2023-02-19 17:26:10'),(1125,12,0,'2023-02-19 17:26:15'),(1126,12,0,'2023-02-19 17:26:20'),(1127,12,0,'2023-02-19 17:26:25'),(1128,12,0,'2023-02-19 17:26:30'),(1129,12,0,'2023-02-19 17:26:35'),(1130,12,0,'2023-02-19 17:26:40'),(1131,12,0,'2023-02-19 17:26:45'),(1132,12,0,'2023-02-19 17:26:50'),(1133,12,0,'2023-02-19 17:26:55'),(1134,12,0,'2023-02-19 17:27:00'),(1135,12,0,'2023-02-19 17:27:05'),(1136,12,0,'2023-02-19 17:27:10'),(1137,12,0,'2023-02-19 17:27:15'),(1138,12,0,'2023-02-19 17:27:20'),(1139,12,0,'2023-02-19 17:27:25'),(1140,12,0,'2023-02-19 17:27:30'),(1141,12,0,'2023-02-19 17:27:35'),(1142,12,0,'2023-02-19 17:27:40'),(1143,12,0,'2023-02-19 17:27:45'),(1144,12,0,'2023-02-19 17:27:50'),(1145,12,0,'2023-02-19 17:27:55'),(1146,12,0,'2023-02-19 17:28:00'),(1147,12,0,'2023-02-19 17:28:05'),(1148,12,0,'2023-02-19 17:28:10'),(1149,12,0,'2023-02-19 17:28:15'),(1150,12,0,'2023-02-19 17:28:20'),(1151,12,0,'2023-02-19 17:28:25'),(1152,12,0,'2023-02-19 17:28:30'),(1153,12,0,'2023-02-19 17:28:35'),(1154,12,0,'2023-02-19 17:28:40'),(1155,12,0,'2023-02-19 17:28:45'),(1156,12,0,'2023-02-19 17:28:52'),(1157,12,0,'2023-02-19 17:28:57'),(1158,12,0,'2023-02-19 17:29:02'),(1159,12,0,'2023-02-19 17:29:05'),(1160,12,0,'2023-02-19 17:29:10'),(1161,12,0,'2023-02-19 17:29:15'),(1162,12,0,'2023-02-19 17:29:20'),(1163,12,0,'2023-02-19 17:29:25'),(1164,12,0,'2023-02-19 17:29:30'),(1165,12,0,'2023-02-19 17:29:35'),(1166,12,0,'2023-02-19 17:29:40'),(1167,12,0,'2023-02-19 17:29:45'),(1168,12,0,'2023-02-19 17:29:50'),(1169,12,0,'2023-02-19 17:29:55'),(1170,12,0,'2023-02-19 17:30:00'),(1171,12,0,'2023-02-19 17:30:05'),(1172,12,0,'2023-02-19 17:30:10'),(1173,12,0,'2023-02-19 17:30:15'),(1174,12,0,'2023-02-19 17:30:20'),(1175,12,0,'2023-02-19 17:30:25'),(1176,12,0,'2023-02-19 17:30:30'),(1177,12,0,'2023-02-19 17:30:35'),(1178,12,0,'2023-02-19 17:30:40'),(1179,12,0,'2023-02-19 17:30:45'),(1180,12,0,'2023-02-19 17:30:50'),(1181,12,0,'2023-02-19 17:30:56'),(1182,12,0,'2023-02-19 17:31:01'),(1183,12,0,'2023-02-19 17:31:06'),(1184,12,0,'2023-02-19 17:31:11'),(1185,12,0,'2023-02-19 17:31:16'),(1186,12,0,'2023-02-19 17:31:21'),(1187,12,0,'2023-02-19 17:31:26'),(1188,12,0,'2023-02-19 17:31:31'),(1189,12,0,'2023-02-19 17:31:36'),(1190,12,0,'2023-02-19 17:31:41'),(1191,12,0,'2023-02-19 17:31:46'),(1192,12,0,'2023-02-19 17:31:51'),(1193,12,0,'2023-02-19 17:31:56'),(1194,12,0,'2023-02-19 17:32:01'),(1195,12,0,'2023-02-19 17:32:02'),(1196,12,0,'2023-02-19 17:32:07'),(1197,12,0,'2023-02-19 17:32:12'),(1198,12,0,'2023-02-19 17:32:17'),(1199,12,0,'2023-02-19 17:32:22'),(1200,12,0,'2023-02-19 17:32:27'),(1201,12,0,'2023-02-19 17:32:32'),(1202,12,0,'2023-02-19 17:32:37'),(1203,12,0,'2023-02-19 17:32:42'),(1204,12,0,'2023-02-19 17:32:47'),(1205,12,0,'2023-02-19 17:32:52'),(1206,12,0,'2023-02-19 17:32:57'),(1207,12,0,'2023-02-19 17:33:02'),(1208,12,0,'2023-02-19 17:33:07'),(1209,12,0,'2023-02-19 17:33:12'),(1210,12,0,'2023-02-19 17:33:17'),(1211,12,0,'2023-02-19 17:33:22'),(1212,12,0,'2023-02-19 17:33:27'),(1213,12,0,'2023-02-19 17:33:32'),(1214,12,0,'2023-02-19 17:33:37'),(1215,12,0,'2023-02-19 17:33:42'),(1216,12,0,'2023-02-19 17:33:47'),(1217,12,0,'2023-02-19 17:33:52'),(1218,12,0,'2023-02-19 17:33:57'),(1219,12,0,'2023-02-19 17:34:02'),(1220,12,0,'2023-02-19 17:34:07'),(1221,12,0,'2023-02-19 17:34:12'),(1222,12,0,'2023-02-19 17:34:17'),(1223,12,0,'2023-02-19 17:34:22'),(1224,12,0,'2023-02-19 17:34:27'),(1225,12,0,'2023-02-19 17:34:32'),(1226,12,0,'2023-02-19 17:34:38'),(1227,12,0,'2023-02-19 17:43:55'),(1228,12,0,'2023-02-19 17:44:56'),(1229,12,0,'2023-02-19 17:50:24'),(1230,12,0,'2023-02-19 17:50:50'),(1231,12,0,'2023-02-19 18:10:11'),(1232,12,0,'2023-02-19 18:10:16'),(1233,12,0,'2023-02-19 18:10:21'),(1234,12,0,'2023-02-19 18:10:26'),(1235,12,0,'2023-02-19 18:10:31'),(1236,12,19,'2023-02-19 18:10:36'),(1237,12,10,'2023-02-19 18:10:41'),(1238,12,2,'2023-02-19 18:10:46'),(1239,12,0,'2023-02-19 18:10:51'),(1240,12,0,'2023-02-19 18:10:56'),(1241,12,0,'2023-02-19 18:11:01'),(1242,12,0,'2023-02-19 18:11:06'),(1243,12,0,'2023-02-19 18:11:11'),(1244,12,0,'2023-02-19 18:11:16'),(1245,12,0,'2023-02-19 20:32:28'),(1246,12,0,'2023-02-19 20:41:43'),(1247,12,0,'2023-02-19 20:41:48'),(1248,12,0,'2023-02-19 20:41:51'),(1249,12,0,'2023-02-19 20:41:54'),(1250,12,0,'2023-02-19 20:41:59'),(1251,12,0,'2023-02-19 20:42:04'),(1252,12,0,'2023-02-19 20:42:09'),(1253,12,0,'2023-02-20 10:34:18'),(1254,12,0,'2023-02-20 10:34:28'),(1255,12,0,'2023-02-20 12:11:51'),(1256,12,0,'2023-02-20 12:12:03'),(1257,12,0,'2023-02-20 12:15:12'),(1258,12,0,'2023-02-20 12:27:44'),(1259,12,0,'2023-02-20 12:35:21'),(1260,12,0,'2023-02-20 12:36:44'),(1261,12,262,'2023-02-20 12:39:44'),(1262,12,0,'2023-02-20 12:41:32'),(1263,12,0,'2023-02-20 12:41:37'),(1264,12,0,'2023-02-20 12:44:37'),(1265,12,0,'2023-02-20 12:44:48'),(1266,12,0,'2023-02-20 12:47:05'),(1267,12,0,'2023-02-20 14:55:03'),(1268,12,544,'2023-02-20 15:01:11'),(1269,12,0,'2023-02-20 15:50:50'),(1270,12,20,'2023-02-20 15:58:11'),(1271,12,0,'2023-02-20 18:55:12'),(1272,12,0,'2023-02-20 18:55:17'),(1273,12,0,'2023-02-20 18:55:22'),(1274,12,0,'2023-02-20 18:55:27'),(1275,12,0,'2023-02-20 18:55:32'),(1276,12,0,'2023-02-20 18:55:37'),(1277,12,0,'2023-02-20 18:55:42'),(1278,12,0,'2023-02-20 18:55:47'),(1279,12,0,'2023-02-20 18:55:52'),(1280,12,0,'2023-02-20 18:55:57'),(1281,12,0,'2023-02-20 18:56:02'),(1282,12,0,'2023-02-20 18:56:07'),(1283,12,0,'2023-02-20 18:56:12'),(1284,12,0,'2023-02-20 18:56:17'),(1285,12,0,'2023-02-20 18:56:22'),(1286,12,0,'2023-02-20 18:56:27'),(1287,12,0,'2023-02-20 18:56:32'),(1288,12,0,'2023-02-20 18:56:37'),(1289,12,0,'2023-02-20 18:56:42'),(1290,12,0,'2023-02-20 18:56:47'),(1291,12,0,'2023-02-20 18:56:52'),(1292,12,0,'2023-02-20 18:56:57'),(1293,12,0,'2023-02-20 18:57:02'),(1294,12,0,'2023-02-20 18:57:07'),(1295,12,0,'2023-02-20 18:57:12'),(1296,12,0,'2023-02-20 18:57:17'),(1297,12,0,'2023-02-20 18:57:22'),(1298,12,0,'2023-02-20 18:57:27'),(1299,12,0,'2023-02-20 18:57:32'),(1300,12,0,'2023-02-20 18:57:37'),(1301,12,0,'2023-02-20 18:57:42'),(1302,12,0,'2023-02-20 18:57:47'),(1303,12,0,'2023-02-20 18:57:52'),(1304,12,0,'2023-02-20 18:57:57'),(1305,12,0,'2023-02-20 18:58:02'),(1306,12,0,'2023-02-20 18:58:07'),(1307,12,0,'2023-02-20 18:58:12'),(1308,12,0,'2023-02-20 18:58:17'),(1309,12,0,'2023-02-20 18:58:22'),(1310,12,0,'2023-02-20 18:58:27'),(1311,12,0,'2023-02-20 18:58:32'),(1312,12,0,'2023-02-20 18:58:37'),(1313,12,0,'2023-02-20 18:58:42'),(1314,12,0,'2023-02-20 18:58:47'),(1315,12,0,'2023-02-20 18:58:52'),(1316,12,0,'2023-02-20 18:58:57'),(1317,12,0,'2023-02-20 18:59:02'),(1318,12,0,'2023-02-20 18:59:07'),(1319,12,0,'2023-02-20 18:59:12'),(1320,12,0,'2023-02-20 18:59:17'),(1321,12,0,'2023-02-20 18:59:22'),(1322,12,0,'2023-02-20 18:59:27'),(1323,12,0,'2023-02-20 18:59:32'),(1324,12,0,'2023-02-20 18:59:37'),(1325,12,0,'2023-02-20 18:59:42'),(1326,12,0,'2023-02-20 18:59:47'),(1327,12,0,'2023-02-20 18:59:52'),(1328,12,0,'2023-02-20 18:59:57'),(1329,12,0,'2023-02-20 19:00:02'),(1330,12,0,'2023-02-20 19:00:07'),(1331,12,0,'2023-02-20 19:00:12'),(1332,12,0,'2023-02-20 19:00:17'),(1333,12,0,'2023-02-20 19:00:22'),(1334,12,0,'2023-02-20 19:00:27'),(1335,12,0,'2023-02-20 19:00:32'),(1336,12,0,'2023-02-20 19:00:37'),(1337,12,0,'2023-02-20 19:00:42'),(1338,12,0,'2023-02-20 19:00:47'),(1339,12,0,'2023-02-20 19:00:52'),(1340,12,0,'2023-02-20 19:00:57'),(1341,12,0,'2023-02-20 19:01:02'),(1342,12,0,'2023-02-20 19:01:07'),(1343,12,0,'2023-02-20 19:01:12'),(1344,12,0,'2023-02-20 19:01:17'),(1345,12,0,'2023-02-20 19:01:22'),(1346,12,0,'2023-02-20 19:01:27'),(1347,12,0,'2023-02-20 19:01:32'),(1348,12,0,'2023-02-20 19:01:37'),(1349,12,0,'2023-02-20 19:01:42'),(1350,12,0,'2023-02-20 19:01:47'),(1351,12,0,'2023-02-20 19:01:52'),(1352,12,0,'2023-02-20 19:01:57'),(1353,12,0,'2023-02-20 19:02:02'),(1354,12,0,'2023-02-20 19:02:07'),(1355,12,0,'2023-02-20 19:02:12'),(1356,12,0,'2023-02-20 19:02:17'),(1357,12,0,'2023-02-20 19:02:22'),(1358,12,0,'2023-02-20 19:02:27'),(1359,12,0,'2023-02-20 19:02:32'),(1360,12,0,'2023-02-20 19:02:37'),(1361,12,0,'2023-02-20 19:02:42'),(1362,12,0,'2023-02-20 19:02:47'),(1363,12,0,'2023-02-20 19:02:52'),(1364,12,0,'2023-02-20 19:02:57'),(1365,12,0,'2023-02-20 19:03:02'),(1366,12,0,'2023-02-20 19:03:07'),(1367,12,0,'2023-02-20 19:03:12'),(1368,12,0,'2023-02-20 19:03:17'),(1369,12,0,'2023-02-20 19:03:22'),(1370,12,0,'2023-02-20 19:03:27'),(1371,12,0,'2023-02-20 19:03:32'),(1372,12,0,'2023-02-20 19:03:37'),(1373,12,0,'2023-02-20 19:03:42'),(1374,12,0,'2023-02-20 19:03:47'),(1375,12,0,'2023-02-20 19:03:52'),(1376,12,0,'2023-02-20 19:03:57'),(1377,12,0,'2023-02-20 19:04:02'),(1378,12,0,'2023-02-20 19:04:07'),(1379,12,0,'2023-02-20 19:04:12'),(1380,12,0,'2023-02-20 19:04:17'),(1381,12,0,'2023-02-20 19:04:22'),(1382,12,0,'2023-02-20 19:04:27'),(1383,12,0,'2023-02-20 19:04:32'),(1384,12,0,'2023-02-20 19:04:37'),(1385,12,0,'2023-02-20 19:04:42'),(1386,12,0,'2023-02-20 19:04:47'),(1387,12,0,'2023-02-20 19:04:52'),(1388,12,0,'2023-02-20 19:04:57'),(1389,12,0,'2023-02-20 19:05:02'),(1390,12,0,'2023-02-20 19:05:07'),(1391,12,0,'2023-02-20 19:05:12'),(1392,12,0,'2023-02-20 19:05:17'),(1393,12,0,'2023-02-20 19:05:22'),(1394,12,0,'2023-02-20 19:05:27'),(1395,12,0,'2023-02-20 19:05:32'),(1396,12,0,'2023-02-20 19:05:37'),(1397,12,0,'2023-02-20 19:05:42'),(1398,12,0,'2023-02-20 19:05:47'),(1399,12,0,'2023-02-20 19:05:52'),(1400,12,0,'2023-02-20 19:05:57'),(1401,12,0,'2023-02-20 19:06:02'),(1402,12,0,'2023-02-20 19:06:07'),(1403,12,0,'2023-02-20 19:06:12'),(1404,12,0,'2023-02-20 19:06:17'),(1405,12,0,'2023-02-20 19:06:22'),(1406,12,0,'2023-02-20 19:06:27'),(1407,12,0,'2023-02-20 19:06:32'),(1408,12,0,'2023-02-20 19:06:37'),(1409,12,0,'2023-02-20 19:06:42'),(1410,12,0,'2023-02-20 19:06:47'),(1411,12,0,'2023-02-20 19:06:52'),(1412,12,0,'2023-02-20 19:06:57'),(1413,12,0,'2023-02-20 19:07:02'),(1414,12,0,'2023-02-20 19:07:07'),(1415,12,0,'2023-02-20 19:07:12'),(1416,12,0,'2023-02-20 19:07:17'),(1417,12,0,'2023-02-20 19:07:22'),(1418,12,0,'2023-02-20 19:07:27'),(1419,12,0,'2023-02-20 19:07:32'),(1420,12,0,'2023-02-20 19:07:37'),(1421,12,0,'2023-02-20 19:07:42'),(1422,12,0,'2023-02-20 19:07:47'),(1423,12,0,'2023-02-20 19:07:52'),(1424,12,0,'2023-02-20 19:07:57'),(1425,12,0,'2023-02-20 19:08:02'),(1426,12,0,'2023-02-20 19:08:07'),(1427,12,0,'2023-02-20 19:08:12'),(1428,12,0,'2023-02-20 19:08:17'),(1429,12,0,'2023-02-20 19:08:22'),(1430,12,0,'2023-02-20 19:08:27'),(1431,12,0,'2023-02-20 19:08:32'),(1432,12,0,'2023-02-20 19:08:37'),(1433,12,0,'2023-02-20 19:08:42'),(1434,12,0,'2023-02-20 19:08:47'),(1435,12,0,'2023-02-20 19:08:52'),(1436,12,0,'2023-02-20 19:08:57'),(1437,12,0,'2023-02-20 19:09:02'),(1438,12,0,'2023-02-20 19:09:07'),(1439,12,0,'2023-02-20 19:09:12'),(1440,12,0,'2023-02-20 19:09:17'),(1441,12,0,'2023-02-20 19:09:22'),(1442,12,0,'2023-02-20 19:09:27'),(1443,12,0,'2023-02-20 19:09:32'),(1444,12,0,'2023-02-20 19:09:37'),(1445,12,0,'2023-02-20 19:09:42'),(1446,12,0,'2023-02-20 19:09:47'),(1447,12,0,'2023-02-20 19:09:52'),(1448,12,0,'2023-02-20 19:09:57'),(1449,12,0,'2023-02-20 19:10:02'),(1450,12,0,'2023-02-20 19:10:07'),(1451,12,0,'2023-02-20 19:10:12'),(1452,12,0,'2023-02-20 19:10:17'),(1453,12,0,'2023-02-20 19:10:22'),(1454,12,0,'2023-02-20 19:10:27'),(1455,12,0,'2023-02-20 19:10:32'),(1456,12,0,'2023-02-20 19:10:37'),(1457,12,0,'2023-02-20 19:10:42'),(1458,12,0,'2023-02-20 19:10:47'),(1459,12,0,'2023-02-20 19:10:52'),(1460,12,0,'2023-02-20 19:10:57'),(1461,12,0,'2023-02-20 19:11:02'),(1462,12,0,'2023-02-20 19:11:07'),(1463,12,0,'2023-02-20 19:11:12'),(1464,12,0,'2023-02-20 19:11:17'),(1465,12,0,'2023-02-20 19:11:22'),(1466,12,0,'2023-02-20 19:11:27'),(1467,12,0,'2023-02-20 19:11:32'),(1468,12,0,'2023-02-20 19:11:37'),(1469,12,0,'2023-02-20 19:11:42'),(1470,12,0,'2023-02-20 19:11:47'),(1471,12,0,'2023-02-20 19:11:52'),(1472,12,0,'2023-02-20 19:11:57'),(1473,12,0,'2023-02-20 19:12:02'),(1474,12,0,'2023-02-20 19:12:07'),(1475,12,0,'2023-02-20 19:12:12'),(1476,12,0,'2023-02-20 19:12:17'),(1477,12,0,'2023-02-20 19:12:22'),(1478,12,0,'2023-02-20 19:12:27'),(1479,12,0,'2023-02-20 19:12:32'),(1480,12,0,'2023-02-20 19:12:37'),(1481,12,0,'2023-02-20 19:12:42'),(1482,12,0,'2023-02-20 19:12:47'),(1483,12,0,'2023-02-20 19:12:52'),(1484,12,0,'2023-02-20 19:12:57'),(1485,12,0,'2023-02-20 19:13:02'),(1486,12,0,'2023-02-20 19:13:07'),(1487,12,0,'2023-02-20 19:13:12'),(1488,12,0,'2023-02-20 19:13:17'),(1489,12,0,'2023-02-20 19:13:22'),(1490,12,0,'2023-02-20 19:13:27'),(1491,12,0,'2023-02-20 19:13:32'),(1492,12,0,'2023-02-20 19:13:37'),(1493,12,0,'2023-02-20 19:13:42'),(1494,12,0,'2023-02-20 19:13:47'),(1495,12,0,'2023-02-20 19:13:52'),(1496,12,0,'2023-02-20 19:13:57'),(1497,12,0,'2023-02-20 19:14:02'),(1498,12,0,'2023-02-20 19:14:07'),(1499,12,0,'2023-02-20 19:14:12'),(1500,12,0,'2023-02-20 19:14:17'),(1501,12,0,'2023-02-20 19:14:22'),(1502,12,0,'2023-02-20 19:14:27'),(1503,12,0,'2023-02-20 19:14:32'),(1504,12,0,'2023-02-20 19:14:37'),(1505,12,0,'2023-02-20 19:14:42'),(1506,12,0,'2023-02-20 19:14:47'),(1507,12,0,'2023-02-20 19:14:52'),(1508,12,0,'2023-02-20 19:14:57'),(1509,12,0,'2023-02-20 19:15:02'),(1510,12,0,'2023-02-20 19:15:07'),(1511,12,0,'2023-02-20 19:15:12'),(1512,12,0,'2023-02-20 19:15:17'),(1513,12,0,'2023-02-20 19:15:22'),(1514,12,0,'2023-02-20 19:15:27'),(1515,12,0,'2023-02-20 19:15:32'),(1516,12,0,'2023-02-20 19:15:37'),(1517,12,0,'2023-02-20 19:15:42'),(1518,12,0,'2023-02-20 19:15:47'),(1519,12,0,'2023-02-20 19:15:52'),(1520,12,0,'2023-02-20 19:15:57'),(1521,12,0,'2023-02-20 19:16:02'),(1522,12,0,'2023-02-20 19:16:07'),(1523,12,0,'2023-02-20 19:16:12'),(1524,12,0,'2023-02-20 19:16:17'),(1525,12,0,'2023-02-20 19:16:22'),(1526,12,0,'2023-02-20 19:16:27'),(1527,12,0,'2023-02-20 19:16:32'),(1528,12,0,'2023-02-20 19:16:37'),(1529,12,0,'2023-02-20 19:16:42'),(1530,12,0,'2023-02-20 19:16:47'),(1531,12,0,'2023-02-20 19:16:52'),(1532,12,0,'2023-02-20 19:16:57'),(1533,12,0,'2023-02-20 19:17:02'),(1534,12,0,'2023-02-20 19:17:07'),(1535,12,0,'2023-02-20 19:17:12'),(1536,12,0,'2023-02-20 19:17:17'),(1537,12,0,'2023-02-20 19:17:22'),(1538,12,0,'2023-02-20 19:17:27'),(1539,12,0,'2023-02-20 19:17:32'),(1540,12,0,'2023-02-20 19:17:37'),(1541,12,0,'2023-02-20 19:17:42'),(1542,12,0,'2023-02-20 19:17:47'),(1543,12,0,'2023-02-20 19:17:52'),(1544,12,0,'2023-02-20 19:17:57'),(1545,12,0,'2023-02-20 19:18:02'),(1546,12,0,'2023-02-20 19:18:07'),(1547,12,0,'2023-02-20 19:18:12'),(1548,12,0,'2023-02-20 19:18:17'),(1549,12,0,'2023-02-20 19:18:22'),(1550,12,0,'2023-02-20 19:18:27'),(1551,12,0,'2023-02-20 19:18:32'),(1552,12,0,'2023-02-20 19:18:37'),(1553,12,0,'2023-02-20 19:18:42'),(1554,12,0,'2023-02-20 19:18:47'),(1555,12,0,'2023-02-20 19:18:52'),(1556,12,0,'2023-02-20 19:18:57'),(1557,12,0,'2023-02-20 19:19:02'),(1558,12,0,'2023-02-20 19:19:07'),(1559,12,0,'2023-02-20 19:19:12'),(1560,12,0,'2023-02-20 19:19:17'),(1561,12,0,'2023-02-20 19:19:22'),(1562,12,0,'2023-02-20 19:19:27'),(1563,12,0,'2023-02-20 19:19:32'),(1564,12,0,'2023-02-20 19:19:37'),(1565,12,0,'2023-02-20 19:19:42'),(1566,12,0,'2023-02-20 19:19:47'),(1567,12,0,'2023-02-20 19:19:52'),(1568,12,0,'2023-02-20 19:19:57'),(1569,12,0,'2023-02-20 19:20:02'),(1570,12,0,'2023-02-20 19:20:07'),(1571,12,0,'2023-02-20 19:20:12'),(1572,12,0,'2023-02-20 19:20:17'),(1573,12,0,'2023-02-20 19:20:22'),(1574,12,0,'2023-02-20 19:20:27'),(1575,12,0,'2023-02-20 19:20:32'),(1576,12,0,'2023-02-20 19:20:37'),(1577,12,0,'2023-02-20 19:20:42'),(1578,12,0,'2023-02-20 19:20:47'),(1579,12,0,'2023-02-20 19:20:52'),(1580,12,0,'2023-02-20 19:20:57'),(1581,12,0,'2023-02-20 19:21:02'),(1582,12,0,'2023-02-20 19:21:07'),(1583,12,0,'2023-02-20 19:21:12'),(1584,12,0,'2023-02-20 19:21:17'),(1585,12,0,'2023-02-20 19:21:22'),(1586,12,0,'2023-02-20 19:21:27'),(1587,12,0,'2023-02-20 19:21:32'),(1588,12,0,'2023-02-20 19:21:37'),(1589,12,0,'2023-02-20 19:21:42'),(1590,12,0,'2023-02-20 19:21:47'),(1591,12,0,'2023-02-20 19:21:52'),(1592,12,0,'2023-02-20 19:21:57'),(1593,12,0,'2023-02-20 19:22:02'),(1594,12,0,'2023-02-20 19:22:07'),(1595,12,0,'2023-02-20 19:22:12'),(1596,12,0,'2023-02-20 19:22:17'),(1597,12,0,'2023-02-20 19:22:22'),(1598,12,0,'2023-02-20 19:22:27'),(1599,12,0,'2023-02-20 19:22:32'),(1600,12,0,'2023-02-20 19:22:37'),(1601,12,0,'2023-02-20 19:22:42'),(1602,12,0,'2023-02-20 19:22:47'),(1603,12,0,'2023-02-20 19:22:52'),(1604,12,0,'2023-02-20 19:22:57'),(1605,12,0,'2023-02-20 19:23:02'),(1606,12,0,'2023-02-20 19:23:07'),(1607,12,0,'2023-02-20 19:23:12'),(1608,12,0,'2023-02-20 19:23:17'),(1609,12,0,'2023-02-20 19:23:22'),(1610,12,0,'2023-02-20 19:23:27'),(1611,12,0,'2023-02-20 19:23:32'),(1612,12,0,'2023-02-20 19:23:37'),(1613,12,0,'2023-02-20 19:23:42'),(1614,12,0,'2023-02-20 19:23:47'),(1615,12,0,'2023-02-20 19:23:52'),(1616,12,0,'2023-02-20 19:23:57'),(1617,12,0,'2023-02-20 19:24:02'),(1618,12,0,'2023-02-20 19:24:07'),(1619,12,0,'2023-02-20 19:24:12'),(1620,12,0,'2023-02-20 19:24:17'),(1621,12,0,'2023-02-20 19:24:22'),(1622,12,0,'2023-02-20 19:24:27'),(1623,12,0,'2023-02-20 19:24:32'),(1624,12,0,'2023-02-20 19:24:37'),(1625,12,0,'2023-02-20 19:24:42'),(1626,12,0,'2023-02-20 19:24:47'),(1627,12,0,'2023-02-20 19:24:52'),(1628,12,0,'2023-02-20 19:24:57'),(1629,12,0,'2023-02-20 19:25:02'),(1630,12,0,'2023-02-20 19:25:07'),(1631,12,0,'2023-02-20 19:25:12'),(1632,12,0,'2023-02-20 19:25:17'),(1633,12,0,'2023-02-20 19:25:22'),(1634,12,0,'2023-02-20 19:25:27'),(1635,12,0,'2023-02-20 19:25:32'),(1636,12,0,'2023-02-20 19:25:37'),(1637,12,0,'2023-02-20 19:25:42'),(1638,12,0,'2023-02-20 19:25:47'),(1639,12,0,'2023-02-20 19:25:52'),(1640,12,0,'2023-02-20 19:25:57'),(1641,12,0,'2023-02-20 19:26:02'),(1642,12,0,'2023-02-20 19:26:07'),(1643,12,0,'2023-02-20 19:26:12'),(1644,12,0,'2023-02-20 19:26:17'),(1645,12,0,'2023-02-20 19:26:22'),(1646,12,0,'2023-02-20 19:26:27'),(1647,12,0,'2023-02-20 19:26:32'),(1648,12,0,'2023-02-20 19:26:37'),(1649,12,0,'2023-02-20 19:26:42'),(1650,12,0,'2023-02-20 19:26:47'),(1651,12,0,'2023-02-20 19:26:52'),(1652,12,0,'2023-02-20 19:26:57'),(1653,12,0,'2023-02-20 19:27:02'),(1654,12,0,'2023-02-20 19:27:07'),(1655,12,0,'2023-02-20 19:27:12'),(1656,12,0,'2023-02-20 19:27:17'),(1657,12,0,'2023-02-20 19:27:22'),(1658,12,0,'2023-02-20 19:27:27'),(1659,12,0,'2023-02-20 19:27:32'),(1660,12,0,'2023-02-20 19:27:37'),(1661,12,0,'2023-02-20 19:27:42'),(1662,12,0,'2023-02-20 19:27:47'),(1663,12,465,'2023-02-20 19:54:27'),(1664,12,68,'2023-02-20 19:55:14'),(1665,12,418,'2023-02-20 19:59:28'),(1666,12,116,'2023-02-20 20:00:48'),(1667,12,83,'2023-02-20 20:01:46'),(1668,12,209,'2023-02-20 20:05:30'),(1669,12,97,'2023-02-20 21:59:49'),(1670,12,115,'2023-02-20 22:01:10'),(1671,12,25,'2023-02-20 22:01:40'),(1672,12,40,'2023-02-20 22:02:10'),(1673,12,43,'2023-02-20 22:02:40'),(1674,12,16,'2023-02-20 22:03:10'),(1675,12,194,'2023-02-20 22:22:34'),(1676,12,147,'2023-02-20 22:23:58'),(1677,12,159,'2023-02-20 22:26:07'),(1678,12,118,'2023-02-20 22:27:16'),(1679,12,324,'2023-02-20 22:30:35'),(1680,12,298,'2023-02-20 22:33:43'),(1681,12,96,'2023-02-20 22:34:47'),(1682,12,54,'2023-02-20 22:35:38'),(1683,12,239,'2023-02-21 12:48:03'),(1684,12,26,'2023-02-21 13:17:54'),(1685,12,25,'2023-02-21 13:24:54'),(1686,12,286,'2023-02-21 13:29:07'),(1687,12,56,'2023-02-21 13:29:38'),(1688,12,22,'2023-02-21 13:33:51'),(1689,12,86,'2023-02-21 13:43:01'),(1690,12,27,'2023-02-21 13:43:31'),(1691,12,41,'2023-02-21 13:44:01'),(1692,12,20,'2023-02-21 13:44:31'),(1693,12,26,'2023-02-21 13:45:01'),(1694,12,18,'2023-02-21 13:45:31'),(1695,12,11,'2023-02-21 13:46:01'),(1696,12,502,'2023-02-21 13:51:13'),(1697,12,449,'2023-02-21 13:56:27'),(1698,12,298,'2023-02-21 14:01:48'),(1699,12,51,'2023-02-21 14:02:18'),(1700,12,653,'2023-02-21 14:09:20'),(1701,12,182,'2023-02-21 14:11:12'),(1702,12,56,'2023-02-21 14:11:42'),(1703,12,56,'2023-02-21 14:12:12'),(1704,12,65,'2023-02-21 14:13:35'),(1705,12,373,'2023-02-21 14:17:17'),(1706,12,267,'2023-02-21 14:20:40'),(1707,12,20,'2023-02-21 14:22:13'),(1708,12,32,'2023-02-21 14:23:23'),(1709,12,0,'2023-02-21 14:50:51'),(1710,12,0,'2023-02-21 15:13:20'),(1711,12,10,'2023-02-22 12:35:39'),(1712,12,10,'2023-02-22 12:37:21'),(1713,12,34,'2023-02-22 12:38:23'),(1714,12,1497,'2023-02-27 12:47:30'),(1715,12,0,'2023-02-27 12:46:30'),(1716,12,0,'2023-02-27 12:46:30'),(1717,12,1278,'2023-02-23 12:46:00'),(1718,12,1453,'2023-02-20 12:55:47'),(1719,12,262,'2023-02-27 14:56:54'),(1720,12,196,'2023-02-27 14:58:49'),(1721,12,68,'2023-02-27 14:59:32'),(1722,12,133,'2023-02-27 15:00:52'),(1723,12,48,'2023-03-02 15:14:11'),(1724,12,274,'2023-03-02 15:18:35'),(1725,12,412,'2023-03-02 15:22:49'),(1726,12,8,'2023-03-02 15:23:19'),(1727,12,10,'2023-03-02 15:33:21'),(1728,12,305,'2023-03-02 16:30:31'),(1729,12,659,'2023-03-02 16:40:50'),(1730,12,209,'2023-03-10 14:57:23'),(1731,12,26,'2023-03-12 22:41:12'),(1732,12,30,'2023-03-12 22:41:42'),(1733,12,92,'2023-03-13 12:26:06'),(1734,12,596,'2023-03-13 12:31:39'),(1735,12,214,'2023-03-13 12:36:37'),(1736,12,17,'2023-03-13 12:42:06'),(1737,12,51,'2023-03-13 14:52:40'),(1738,12,395,'2023-03-13 14:56:30'),(1739,12,440,'2023-03-13 15:02:07'),(1740,12,469,'2023-03-13 15:07:46'),(1741,12,13,'2023-03-14 12:31:50'),(1742,12,21,'2023-03-14 12:33:51'),(1743,12,76,'2023-03-14 12:39:18'),(1744,12,55,'2023-03-14 12:39:48'),(1745,12,54,'2023-03-14 12:40:18'),(1746,12,623,'2023-03-14 12:46:39'),(1747,12,186,'2023-03-14 12:50:53'),(1748,12,26,'2023-03-14 12:53:15'),(1749,12,73,'2023-03-14 12:56:53'),(1750,12,38,'2023-03-14 13:07:38'),(1751,12,176,'2023-03-14 15:01:36'),(1752,12,432,'2023-03-14 15:06:56'),(1753,12,89,'2023-03-14 15:10:44'),(1754,12,48,'2023-03-14 17:00:26'),(1755,12,21,'2023-03-14 17:11:21'),(1756,12,209,'2023-03-14 17:22:15'),(1757,12,941,'2023-03-14 17:32:06'),(1758,12,167,'2023-03-14 17:34:10'),(1759,12,30,'2023-03-14 17:35:50'),(1760,12,11,'2023-03-14 17:36:23'),(1761,12,207,'2023-03-15 10:39:27'),(1762,12,19,'2023-03-15 10:41:33'),(1763,12,415,'2023-03-15 10:45:32'),(1764,12,427,'2023-03-15 10:49:43'),(1765,12,342,'2023-03-15 10:55:41'),(1766,12,12,'2023-03-15 15:44:16'),(1767,12,35,'2023-03-16 08:31:43'),(1768,12,307,'2023-03-16 08:44:53'),(1769,12,812,'2023-03-16 08:50:30'),(1770,12,30,'2023-03-16 09:48:41'),(1771,12,12,'2023-03-16 11:07:30'),(1772,12,359,'2023-03-16 11:17:04'),(1773,12,1337,'2023-03-16 11:33:50'),(1774,12,783,'2023-03-16 11:42:31'),(1775,12,44,'2023-03-16 12:51:38'),(1776,12,48,'2023-03-16 12:52:08'),(1777,12,49,'2023-03-16 12:52:38'),(1778,12,52,'2023-03-16 12:53:08'),(1779,12,46,'2023-03-16 12:53:38'),(1780,12,49,'2023-03-16 12:54:08'),(1781,12,783,'2023-03-16 13:02:00'),(1782,12,875,'2023-03-16 13:11:10'),(1783,12,126,'2023-03-16 13:14:03'),(1784,12,235,'2023-03-16 14:08:38'),(1785,12,68,'2023-03-16 14:16:52'),(1786,12,22,'2023-03-17 00:50:53'),(1787,12,22,'2023-03-17 00:51:23'),(1788,12,22,'2023-03-17 00:51:53'),(1789,12,22,'2023-03-17 00:52:23'),(1790,12,19,'2023-03-17 01:00:29'),(1791,12,24,'2023-03-17 01:00:59'),(1792,12,17,'2023-03-17 01:01:36'),(1793,12,23,'2023-03-17 01:02:06'),(1794,12,49,'2023-03-17 01:03:36'),(1795,12,26,'2023-03-17 01:04:06'),(1796,12,1221,'2023-03-17 10:58:26'),(1797,12,1436,'2023-03-17 13:19:04'),(1798,12,278,'2023-03-17 16:15:25'),(1799,12,1945,'2023-03-17 16:34:05'),(1800,12,1186,'2023-03-17 16:44:42'),(1801,16,335,'2023-03-20 12:40:24'),(1802,16,1780,'2023-03-20 16:12:39'),(1803,16,105,'2023-03-20 16:16:47'),(1804,16,53,'2023-03-20 16:41:06'),(1805,16,394,'2023-03-20 16:47:31'),(1806,12,30,'2023-03-20 16:48:29'),(1807,12,475,'2023-03-20 16:53:21'),(1808,12,389,'2023-03-20 17:00:20'),(1809,12,43,'2023-03-20 17:02:22'),(1810,12,13,'2023-03-21 16:11:50'),(1811,12,98,'2023-03-22 14:00:24'),(1812,12,16,'2023-03-22 14:00:54'),(1813,12,37,'2023-03-22 14:01:24'),(1814,12,119,'2023-03-22 14:02:31'),(1815,12,49,'2023-03-22 14:03:01'),(1816,12,46,'2023-03-22 14:03:31'),(1817,12,46,'2023-03-22 14:04:01'),(1818,12,45,'2023-03-22 14:04:31'),(1819,12,48,'2023-03-22 14:05:01'),(1820,12,38,'2023-03-22 14:05:31'),(1821,12,19,'2023-03-22 14:06:01'),(1822,12,31,'2023-03-22 14:06:31'),(1823,12,51,'2023-03-22 14:07:01'),(1824,12,49,'2023-03-22 14:07:31'),(1825,12,52,'2023-03-22 14:08:01'),(1826,12,52,'2023-03-22 14:08:31'),(1827,12,53,'2023-03-22 14:09:01'),(1828,12,5,'2023-03-22 14:09:31'),(1829,12,42,'2023-03-22 14:10:01'),(1830,12,39,'2023-03-22 14:10:31'),(1831,12,2,'2023-03-22 14:11:31'),(1832,12,46,'2023-03-22 14:12:01'),(1833,12,51,'2023-03-22 14:12:31'),(1834,12,37,'2023-03-22 14:13:01'),(1835,12,50,'2023-03-22 14:13:31'),(1836,12,52,'2023-03-22 14:14:01'),(1837,12,51,'2023-03-22 14:14:31'),(1838,12,52,'2023-03-22 14:15:01'),(1839,12,40,'2023-03-22 14:15:31'),(1840,12,29,'2023-03-22 14:57:25'),(1841,12,94,'2023-03-22 14:58:26'),(1842,12,34,'2023-03-22 14:58:56'),(1843,12,122,'2023-03-22 15:03:16'),(1844,12,9,'2023-03-22 15:03:16'),(1845,12,193,'2023-03-22 15:03:16'),(1846,12,31,'2023-03-22 15:03:36'),(1847,12,40,'2023-03-22 15:04:06'),(1848,12,9,'2023-03-22 15:04:44'),(1849,12,2,'2023-03-22 15:07:14'),(1850,12,28,'2023-03-22 15:11:15'),(1851,12,24,'2023-03-22 15:14:54'),(1852,12,24,'2023-03-22 15:14:54'),(1853,12,24,'2023-03-22 15:14:54'),(1854,12,7,'2023-03-22 15:24:37'),(1855,12,7,'2023-03-22 15:24:37'),(1856,12,2,'2023-03-22 15:33:43'),(1857,12,38,'2023-03-22 15:36:20'),(1858,12,24,'2023-03-22 15:36:42'),(1859,12,1,'2023-03-22 15:37:15'),(1860,12,2,'2023-03-22 15:37:42'),(1861,12,16,'2023-03-23 08:36:55'),(1862,12,56,'2023-03-23 08:38:38'),(1863,12,45,'2023-03-23 08:39:08'),(1864,12,65,'2023-03-23 08:39:47'),(1865,12,29,'2023-03-23 08:40:46'),(1866,12,55,'2023-03-23 08:41:16'),(1867,12,55,'2023-03-23 08:41:46'),(1868,12,53,'2023-03-23 08:42:17'),(1869,12,50,'2023-03-23 08:42:46'),(1870,12,51,'2023-03-23 08:43:16'),(1871,12,8,'2023-03-23 08:43:46'),(1872,12,52,'2023-03-23 08:44:18'),(1873,12,50,'2023-03-23 08:44:46'),(1874,12,52,'2023-03-23 08:45:16'),(1875,12,51,'2023-03-23 08:45:46'),(1876,12,51,'2023-03-23 08:46:16'),(1877,12,52,'2023-03-23 08:46:46'),(1878,12,51,'2023-03-23 08:47:17'),(1879,12,47,'2023-03-23 08:47:46'),(1880,12,53,'2023-03-23 08:48:16'),(1881,12,22,'2023-03-23 08:48:47'),(1882,12,57,'2023-03-23 10:37:59'),(1883,12,57,'2023-03-23 10:37:59'),(1884,12,57,'2023-03-23 10:37:59'),(1885,12,57,'2023-03-23 10:37:59'),(1886,12,57,'2023-03-23 10:37:59'),(1887,12,57,'2023-03-23 10:38:00'),(1888,12,57,'2023-03-23 10:38:00'),(1889,12,57,'2023-03-23 10:38:00'),(1890,12,32,'2023-03-23 10:38:47'),(1891,12,77,'2023-03-23 10:39:01'),(1892,12,27,'2023-03-23 10:39:31'),(1893,12,47,'2023-03-23 10:40:01'),(1894,12,40,'2023-03-23 10:40:31'),(1895,12,47,'2023-03-23 10:41:01'),(1896,12,46,'2023-03-23 10:41:31'),(1897,12,45,'2023-03-23 10:42:47'),(1898,12,296,'2023-03-23 12:06:30'),(1899,12,70,'2023-03-23 13:49:34'),(1955,12,30,'2023-03-24 10:42:18'),(1956,12,8,'2023-03-24 10:42:47'),(1957,12,41,'2023-03-24 10:45:04'),(1958,12,51,'2023-03-24 10:45:34'),(1959,12,51,'2023-03-24 10:46:04'),(1960,12,52,'2023-03-24 10:46:34'),(1961,12,52,'2023-03-24 10:47:04'),(1962,12,53,'2023-03-24 10:47:34'),(1963,12,52,'2023-03-24 10:48:04'),(1964,12,51,'2023-03-24 10:48:34'),(1965,12,48,'2023-03-24 10:49:04'),(1966,12,47,'2023-03-24 10:49:34'),(1967,12,49,'2023-03-24 10:50:04'),(1968,12,49,'2023-03-24 10:50:34'),(1969,12,50,'2023-03-24 10:51:04'),(1970,12,10,'2023-03-24 10:51:34'),(1971,12,29,'2023-03-24 10:52:04'),(1972,12,47,'2023-03-24 12:51:42'),(1973,12,49,'2023-03-24 12:52:12'),(1974,12,44,'2023-03-24 12:52:42'),(1975,12,50,'2023-03-24 12:53:12'),(1976,12,42,'2023-03-24 12:53:42'),(1977,12,51,'2023-03-24 12:54:13'),(1978,12,53,'2023-03-24 12:54:42'),(1979,12,55,'2023-03-24 12:55:12'),(1980,12,46,'2023-03-24 12:55:42'),(1981,12,45,'2023-03-24 12:56:12'),(1982,12,1,'2023-03-24 12:56:42'),(1983,12,60,'2023-03-24 13:04:14'),(1984,12,60,'2023-03-24 13:04:14'),(1985,12,55,'2023-03-24 13:20:19'),(1986,12,56,'2023-03-24 13:20:49'),(1987,12,56,'2023-03-24 13:21:19'),(1988,12,6,'2023-03-24 17:34:32'),(1989,12,1,'2023-03-24 18:10:21'),(1990,12,39,'2023-03-24 18:10:48'),(1991,12,43,'2023-03-24 18:11:18'),(1992,12,51,'2023-03-24 18:11:49'),(1993,12,49,'2023-03-24 18:12:21'),(1994,12,47,'2023-03-24 18:12:49'),(1995,12,52,'2023-03-24 18:13:18'),(1996,12,53,'2023-03-24 18:13:48'),(1997,12,69,'2023-03-24 18:14:27'),(1998,12,52,'2023-03-24 18:14:57'),(1999,12,49,'2023-03-24 18:15:27'),(2000,12,51,'2023-03-24 18:15:57'),(2001,12,52,'2023-03-24 18:16:27'),(2002,12,51,'2023-03-24 18:16:58'),(2003,12,48,'2023-03-24 18:17:27'),(2004,12,49,'2023-03-24 18:17:57'),(2005,12,51,'2023-03-24 18:18:27'),(2006,12,51,'2023-03-24 18:18:58'),(2007,12,50,'2023-03-24 18:19:27'),(2008,12,49,'2023-03-24 18:19:57'),(2009,12,52,'2023-03-24 18:20:27'),(2010,12,53,'2023-03-24 18:20:57'),(2011,12,52,'2023-03-24 18:21:27'),(2012,12,49,'2023-03-24 18:21:57'),(2013,12,44,'2023-03-24 18:22:27'),(2014,12,6,'2023-03-24 18:22:57'),(2015,12,128,'2023-03-24 19:19:00'),(2016,12,50,'2023-03-24 19:19:49'),(2017,12,53,'2023-03-24 19:20:19'),(2018,12,51,'2023-03-24 19:20:49'),(2019,12,51,'2023-03-24 19:21:20'),(2020,12,40,'2023-03-24 19:21:49'),(2021,12,53,'2023-03-24 19:22:19'),(2022,12,53,'2023-03-24 19:22:49'),(2023,12,54,'2023-03-24 19:23:20'),(2024,12,53,'2023-03-24 19:23:49'),(2025,12,53,'2023-03-24 19:24:19'),(2026,12,54,'2023-03-24 19:24:49'),(2027,12,56,'2023-03-24 19:25:19'),(2028,12,54,'2023-03-24 19:25:49'),(2029,12,50,'2023-03-24 19:26:19'),(2030,12,55,'2023-03-24 19:26:50'),(2031,12,48,'2023-03-24 19:27:19'),(2032,12,46,'2023-03-24 19:27:49'),(2033,12,54,'2023-03-24 19:28:19'),(2034,12,52,'2023-03-24 19:28:50'),(2035,12,6,'2023-03-24 19:29:19'),(2036,12,90,'2023-03-24 19:38:42'),(2037,12,90,'2023-03-24 19:38:42'),(2038,12,90,'2023-03-24 19:38:42'),(2039,12,90,'2023-03-24 19:38:42'),(2040,12,90,'2023-03-24 19:38:42'),(2041,12,90,'2023-03-24 19:38:42'),(2042,12,90,'2023-03-24 19:38:42'),(2043,12,90,'2023-03-24 19:38:42'),(2044,12,90,'2023-03-24 19:38:42'),(2045,12,90,'2023-03-24 19:38:42'),(2046,12,90,'2023-03-24 19:38:42'),(2047,12,90,'2023-03-24 19:38:42'),(2048,12,90,'2023-03-24 19:38:42'),(2049,12,120,'2023-03-24 19:40:56'),(2082,12,118,'2023-03-25 15:24:43'),(2083,12,118,'2023-03-25 15:24:43'),(2084,12,3,'2023-03-25 15:24:43'),(2085,12,3,'2023-03-25 15:24:43'),(2086,12,118,'2023-03-25 15:24:43'),(2087,12,118,'2023-03-25 15:24:43'),(2088,12,7,'2023-03-25 15:28:11'),(2089,12,829,'2023-03-25 17:19:30'),(2090,12,37,'2023-03-25 17:37:25'),(2091,12,854,'2023-03-25 18:05:50'),(2092,12,34,'2023-03-25 18:40:40'),(2093,12,349,'2023-03-25 19:00:58'),(2094,12,349,'2023-03-25 19:00:58'),(2095,12,349,'2023-03-25 19:00:58'),(2096,12,349,'2023-03-25 19:00:58'),(2097,12,349,'2023-03-25 19:00:58'),(2098,12,40,'2023-03-26 21:55:09'),(2099,12,47,'2023-03-28 12:42:39'),(2100,12,50,'2023-03-28 12:43:09'),(2101,12,45,'2023-03-28 12:43:39'),(2102,12,45,'2023-03-28 12:44:10'),(2103,12,44,'2023-03-28 12:44:39'),(2104,12,51,'2023-03-28 12:45:09'),(2105,12,51,'2023-03-28 12:45:39'),(2106,12,53,'2023-03-28 12:46:09'),(2107,12,42,'2023-03-28 12:46:39'),(2108,12,33,'2023-03-28 12:47:09'),(2109,12,3,'2023-03-28 12:47:45'),(2110,12,332,'2023-03-28 14:01:35'),(2111,12,120,'2023-03-30 08:36:26'),(2112,12,49,'2023-03-30 08:36:56'),(2113,12,48,'2023-03-30 08:37:27'),(2114,12,52,'2023-03-30 08:37:57'),(2115,12,53,'2023-03-30 08:38:27'),(2116,12,53,'2023-03-30 08:38:56'),(2117,12,54,'2023-03-30 08:39:26'),(2118,12,50,'2023-03-30 08:39:57'),(2119,12,49,'2023-03-30 08:40:27'),(2120,12,19,'2023-03-30 08:40:56'),(2121,12,50,'2023-03-30 08:41:26'),(2122,12,50,'2023-03-30 08:41:56'),(2123,12,48,'2023-03-30 08:42:26'),(2124,12,46,'2023-03-30 08:42:56'),(2125,12,47,'2023-03-30 08:43:27'),(2126,12,53,'2023-03-30 08:43:57'),(2127,12,53,'2023-03-30 08:44:27'),(2128,12,53,'2023-03-30 08:44:56'),(2129,12,53,'2023-03-30 08:45:26'),(2130,12,34,'2023-03-30 08:45:57'),(2131,12,131,'2023-03-30 11:07:35'),(2138,12,131,'2023-03-30 11:07:35'),(2139,12,28,'2023-03-30 11:07:50'),(2140,12,53,'2023-03-30 11:08:20'),(2151,12,2,'2023-03-31 14:26:28'),(2152,12,19,'2023-03-31 14:27:01'),(2153,12,155,'2023-03-31 14:29:27'),(2154,12,51,'2023-03-31 14:29:57'),(2155,12,53,'2023-03-31 14:30:27'),(2156,12,54,'2023-03-31 14:30:57'),(2157,12,53,'2023-03-31 14:31:27'),(2158,12,53,'2023-03-31 14:31:57'),(2159,12,52,'2023-03-31 14:32:27'),(2160,12,50,'2023-03-31 14:32:57'),(2161,12,50,'2023-03-31 14:33:28'),(2162,12,47,'2023-03-31 14:33:57'),(2163,12,51,'2023-03-31 14:34:27'),(2164,12,36,'2023-03-31 14:34:57'),(2165,12,11,'2023-03-31 14:43:01'),(2166,12,46,'2023-03-31 14:44:05'),(2167,12,9,'2023-03-31 14:46:05'),(2168,12,768,'2023-03-31 15:19:11'),(2169,12,327,'2023-03-31 17:24:47'),(2170,12,55,'2023-03-31 17:25:17'),(2171,12,54,'2023-03-31 17:25:47'),(2172,12,57,'2023-03-31 17:26:17'),(2173,12,57,'2023-03-31 17:26:47'),(2174,12,56,'2023-03-31 17:27:17'),(2175,12,57,'2023-03-31 17:27:47'),(2176,12,39,'2023-03-31 17:28:17'),(2177,12,9,'2023-03-31 17:28:47'),(2178,12,58,'2023-03-31 17:29:17'),(2179,12,56,'2023-03-31 17:29:47'),(2180,12,54,'2023-03-31 17:30:17'),(2181,12,53,'2023-03-31 17:30:47'),(2182,12,54,'2023-03-31 17:31:17'),(2183,12,53,'2023-03-31 17:31:47'),(2184,12,56,'2023-03-31 17:32:17'),(2185,12,57,'2023-03-31 17:32:47'),(2186,12,56,'2023-03-31 17:33:17'),(2187,12,21,'2023-03-31 17:34:28'),(2188,12,6,'2023-03-31 17:34:47'),(2189,12,25,'2023-03-31 17:35:17'),(2190,12,7,'2023-03-31 17:35:47'),(2191,12,1,'2023-03-31 17:36:17'),(2192,12,1530,'2023-04-01 11:11:17'),(2193,12,12,'2023-04-01 11:11:47'),(2194,12,54,'2023-04-01 11:12:17'),(2195,12,20,'2023-04-01 11:12:47'),(2196,12,56,'2023-04-01 11:13:17'),(2197,12,54,'2023-04-01 11:13:47'),(2198,12,56,'2023-04-01 11:14:17'),(2199,12,55,'2023-04-01 11:14:47'),(2200,12,46,'2023-04-01 11:15:17'),(2201,12,40,'2023-04-01 11:15:48'),(2202,12,56,'2023-04-01 11:16:17'),(2203,12,57,'2023-04-01 11:16:47'),(2204,12,38,'2023-04-01 11:17:17'),(2205,12,53,'2023-04-01 11:17:47'),(2206,12,53,'2023-04-01 11:18:17'),(2207,12,44,'2023-04-01 11:18:47'),(2208,12,93,'2023-04-01 11:35:51'),(2209,12,24,'2023-04-01 11:35:51'),(2210,12,93,'2023-04-01 11:35:51'),(2211,12,93,'2023-04-01 11:35:51'),(2212,12,173,'2023-04-02 11:44:24'),(2213,12,52,'2023-04-02 11:44:54'),(2214,12,52,'2023-04-02 11:45:24'),(2215,12,240,'2023-04-02 11:53:27'),(2216,12,419,'2023-04-02 13:59:55'),(2217,12,35,'2023-04-02 14:00:25'),(2218,12,1476,'2023-04-02 15:07:02'),(2219,12,16,'2023-04-02 15:07:32'),(2220,12,51,'2023-04-02 15:08:02'),(2221,12,51,'2023-04-02 15:08:33'),(2222,12,51,'2023-04-02 15:09:02'),(2223,12,51,'2023-04-02 15:09:32'),(2224,12,50,'2023-04-02 15:10:02'),(2225,12,50,'2023-04-02 15:10:32'),(2226,12,51,'2023-04-02 15:11:02'),(2227,12,48,'2023-04-02 15:11:33'),(2228,12,50,'2023-04-02 15:12:02'),(2229,12,27,'2023-04-02 15:12:32'),(2230,12,51,'2023-04-02 15:13:04'),(2231,12,48,'2023-04-02 15:13:33'),(2232,12,53,'2023-04-02 15:14:03'),(2233,12,49,'2023-04-02 15:14:33'),(2234,12,23,'2023-04-02 15:15:02'),(2235,12,35,'2023-04-02 15:15:35'),(2236,12,47,'2023-04-02 15:16:02'),(2237,12,42,'2023-04-02 15:16:33'),(2238,12,50,'2023-04-02 15:17:03'),(2239,12,28,'2023-04-02 15:17:33'),(2240,12,52,'2023-04-02 15:18:03'),(2241,12,52,'2023-04-02 15:18:33'),(2242,12,52,'2023-04-02 15:19:03'),(2243,12,49,'2023-04-02 15:19:33'),(2244,12,47,'2023-04-02 15:20:04'),(2245,12,46,'2023-04-02 15:20:33'),(2246,12,29,'2023-04-02 15:21:02'),(2247,12,9,'2023-04-02 15:22:32'),(2248,12,5,'2023-04-02 15:23:03'),(2249,12,37,'2023-04-02 15:23:32'),(2250,12,10,'2023-04-02 15:24:02'),(2251,12,13,'2023-04-02 15:26:39'),(2252,12,1,'2023-04-02 15:27:32'),(2253,12,219,'2023-04-02 15:33:03'),(2254,12,71,'2023-04-02 15:33:03'),(2255,12,147,'2023-04-02 15:33:03'),(2256,12,18,'2023-04-02 15:33:03'),(2257,12,11,'2023-04-02 15:33:29'),(2258,12,52,'2023-04-02 15:33:59'),(2259,12,14,'2023-04-02 15:34:29'),(2260,12,50,'2023-04-02 15:34:59'),(2261,12,49,'2023-04-02 15:35:29'),(2262,12,50,'2023-04-02 15:35:59'),(2263,12,49,'2023-04-02 15:36:30'),(2264,12,50,'2023-04-02 15:37:00'),(2265,12,50,'2023-04-02 15:37:29'),(2266,12,51,'2023-04-02 15:38:00'),(2267,12,49,'2023-04-02 15:38:29'),(2268,12,50,'2023-04-02 15:39:00'),(2269,12,49,'2023-04-02 15:39:29'),(2270,12,49,'2023-04-02 15:40:00'),(2271,12,46,'2023-04-02 15:40:30'),(2272,12,45,'2023-04-02 15:40:59'),(2273,12,46,'2023-04-02 15:41:29'),(2274,12,49,'2023-04-02 15:42:00'),(2275,12,49,'2023-04-02 15:42:29'),(2276,12,46,'2023-04-02 15:42:59'),(2277,12,48,'2023-04-02 15:43:29'),(2278,12,46,'2023-04-02 15:43:59'),(2279,12,33,'2023-04-02 15:44:29'),(2280,12,41,'2023-04-02 15:44:59'),(2281,12,47,'2023-04-02 15:45:50'),(2282,12,13,'2023-04-02 15:45:59'),(2283,12,44,'2023-04-02 15:46:29'),(2284,12,41,'2023-04-02 15:46:59'),(2285,12,30,'2023-04-02 15:47:29'),(2286,12,47,'2023-04-02 15:47:59'),(2287,12,51,'2023-04-02 15:48:29'),(2288,12,52,'2023-04-02 15:49:00'),(2289,12,50,'2023-04-02 15:49:29'),(2290,12,46,'2023-04-02 15:49:59'),(2291,12,9,'2023-04-02 15:50:30'),(2292,12,19,'2023-04-02 15:50:59'),(2293,12,9,'2023-04-02 15:51:29'),(2294,12,36,'2023-04-02 15:52:00'),(2295,12,46,'2023-04-02 15:52:30'),(2296,12,27,'2023-04-02 15:53:00'),(2297,12,40,'2023-04-02 15:53:59'),(2298,12,51,'2023-04-02 15:54:29'),(2299,12,49,'2023-04-02 15:54:59'),(2300,12,49,'2023-04-02 15:55:29'),(2301,12,52,'2023-04-02 15:55:59'),(2302,12,53,'2023-04-02 15:56:30'),(2303,12,52,'2023-04-02 15:56:59'),(2304,12,53,'2023-04-02 15:57:29'),(2305,12,54,'2023-04-02 15:57:59'),(2306,12,22,'2023-04-02 15:58:30'),(2307,12,9,'2023-04-02 15:58:59'),(2308,12,6,'2023-04-02 15:59:30'),(2309,12,26,'2023-04-02 16:01:00'),(2310,12,33,'2023-04-02 16:02:45'),(2311,12,30,'2023-04-02 16:02:45'),(2312,12,16,'2023-04-02 16:49:43'),(2313,12,258,'2023-04-02 16:49:43'),(2314,12,258,'2023-04-02 16:49:43'),(2315,12,258,'2023-04-02 16:49:44'),(2316,12,16,'2023-04-02 16:49:44'),(2317,12,16,'2023-04-02 16:49:44'),(2318,12,16,'2023-04-02 16:49:44'),(2319,12,36,'2023-04-02 16:50:08'),(2320,12,47,'2023-04-02 16:50:38'),(2321,12,44,'2023-04-02 16:53:08'),(2322,12,430,'2023-04-04 03:21:12'),(2323,12,3500,'2023-04-09 21:33:12'),(2324,12,2,'2023-04-10 17:14:05'),(2325,12,25,'2023-04-10 17:14:47'),(2326,12,51,'2023-04-10 17:14:52'),(2327,12,34,'2023-04-10 17:15:23'),(2328,12,38,'2023-04-10 17:16:54'),(2329,12,88,'2023-04-10 17:17:54'),(2330,12,49,'2023-04-10 17:18:23'),(2331,12,54,'2023-04-10 17:18:53'),(2332,12,54,'2023-04-10 17:19:24'),(2333,12,53,'2023-04-10 17:19:53'),(2334,12,53,'2023-04-10 17:20:24'),(2335,12,51,'2023-04-10 17:20:53'),(2336,12,50,'2023-04-10 17:21:23'),(2337,12,10,'2023-04-10 17:21:53'),(2338,12,11,'2023-04-10 17:23:51'),(2339,12,6,'2023-04-10 17:24:21'),(2340,12,58,'2023-04-10 17:24:52'),(2341,12,57,'2023-04-10 17:25:22'),(2342,12,117,'2023-04-10 17:26:22'),(2343,12,52,'2023-04-10 17:26:53'),(2344,12,12,'2023-04-10 17:27:27'),(2345,12,19,'2023-04-10 17:27:52'),(2346,12,45,'2023-04-10 17:28:23'),(2347,12,48,'2023-04-10 17:28:52'),(2348,12,69,'2023-04-10 17:30:38'),(2349,12,18,'2023-04-10 20:55:23'),(2350,20,18,'2023-04-11 15:37:05'),(2351,20,4,'2023-04-11 15:37:36'),(2352,20,17,'2023-04-11 15:38:04'),(2353,12,486,'2023-04-13 08:12:23'),(2354,12,1015,'2023-04-13 09:09:23'),(2355,12,629,'2023-04-13 12:23:23'),(2356,12,588,'2023-04-13 13:18:23'),(2358,12,16,'2023-04-13 05:08:43'),(2359,22,659,'2023-04-13 18:25:16');
/*!40000 ALTER TABLE `WalkSteps` ENABLE KEYS */;
UNLOCK TABLES;

--
-- Table structure for table `WalksOverall`
--

DROP TABLE IF EXISTS `WalksOverall`;
/*!40101 SET @saved_cs_client     = @@character_set_client */;
/*!50503 SET character_set_client = utf8mb4 */;
CREATE TABLE `WalksOverall` (
  `id` int NOT NULL AUTO_INCREMENT,
  `idUser` int NOT NULL,
  `TotalSteps` int DEFAULT NULL,
  `Calories` int DEFAULT NULL,
  `Distance` float DEFAULT NULL,
  `Date` datetime NOT NULL,
  PRIMARY KEY (`id`)
) ENGINE=InnoDB AUTO_INCREMENT=81 DEFAULT CHARSET=utf8mb3;
/*!40101 SET character_set_client = @saved_cs_client */;

--
-- Dumping data for table `WalksOverall`
--

LOCK TABLES `WalksOverall` WRITE;
/*!40000 ALTER TABLE `WalksOverall` DISABLE KEYS */;
INSERT INTO `WalksOverall` VALUES (24,12,7147,12810,160.122,'2023-02-17 22:03:51'),(25,12,1012,87,0.23,'2023-02-18 22:28:48'),(26,12,150,13,0.03,'2023-02-19 20:42:09'),(27,12,3911,363,0.97,'2023-02-20 22:35:38'),(28,12,3887,361,0.97,'2023-02-21 15:13:20'),(29,12,20,2,0,'2023-02-22 12:38:23'),(30,12,2023,188,0.5,'2023-02-27 15:00:52'),(31,12,1057,90,0.24,'2023-03-02 16:40:50'),(32,12,0,0,0,'2023-03-10 14:57:23'),(33,12,26,2,0.01,'2023-03-12 22:41:42'),(34,12,2274,194,0.52,'2023-03-13 15:07:46'),(35,12,3289,280,2.34,'2023-03-14 21:34:32'),(36,12,1422,121,1.01,'2023-03-15 16:39:48'),(37,12,6050,515,4.31,'2023-03-16 14:54:22'),(38,12,6312,538,4.49,'2023-03-17 18:29:20'),(39,16,2667,167,1.79,'2023-03-20 16:47:31'),(40,12,937,80,0.67,'2023-03-20 17:04:25'),(41,12,13,1,0.01,'2023-03-21 16:23:21'),(42,12,2060,176,1.48,'2023-03-22 15:37:42'),(43,12,2147,184,1.54,'2023-03-23 20:00:27'),(44,12,5116,438,3.66,'2023-03-24 19:40:58'),(45,12,3984,341,2.85,'2023-03-25 19:01:00'),(46,12,40,3,0.01,'2023-03-26 23:57:52'),(47,13,0,0,0,'2023-03-26 23:52:22'),(48,12,0,0,0,'2023-03-27 16:04:41'),(49,13,0,0,0,'2023-03-27 00:01:23'),(50,14,0,0,0,'2023-03-27 00:01:48'),(51,12,796,68,0.18,'2023-03-28 16:55:06'),(52,12,1377,118,0.31,'2023-03-30 14:21:51'),(53,12,2828,242,2.03,'2023-03-31 17:36:17'),(54,12,2527,216,0.58,'2023-04-01 15:00:39'),(55,12,7409,635,1.69,'2023-04-02 16:53:40'),(56,12,430,37,0.1,'2023-04-04 19:25:01'),(57,12,0,0,0,'2023-04-05 10:04:36'),(58,12,0,0,0,'2023-04-06 22:56:41'),(59,12,0,0,0,'2023-04-07 17:14:45'),(60,12,0,0,0,'2023-04-08 14:07:26'),(61,12,3500,300,0.8,'2023-04-09 23:59:17'),(62,13,0,0,0,'2023-04-09 20:47:43'),(63,17,0,0,0,'2023-04-09 20:52:00'),(64,11,0,0,0,'2023-04-09 21:04:48'),(65,14,0,0,0,'2023-04-09 23:28:44'),(66,12,1124,96,0.26,'2023-04-10 21:31:28'),(67,18,0,0,0,'2023-04-10 19:18:36'),(68,20,39,5,0.01,'2023-04-11 16:09:52'),(69,12,0,0,0,'2023-04-11 16:29:42'),(70,12,0,0,0,'2023-04-12 22:44:00'),(71,12,2734,234,1.96,'2023-04-13 05:08:43'),(72,21,0,0,0,'2023-04-13 12:33:08'),(73,22,659,0,0,'2023-04-13 18:25:16'),(74,20,0,0,0,'2023-04-14 15:29:11'),(75,12,0,0,0,'2023-04-15 13:41:57'),(76,12,0,0,0,'2023-04-17 20:07:07'),(77,12,0,0,0,'2023-04-18 23:29:01'),(78,12,0,0,0,'2023-04-19 18:40:39'),(79,12,0,0,0,'2023-04-20 23:45:31'),(80,12,0,0,0,'2023-04-21 23:14:54');
/*!40000 ALTER TABLE `WalksOverall` ENABLE KEYS */;
UNLOCK TABLES;

--
-- Table structure for table `WaterOverall`
--

DROP TABLE IF EXISTS `WaterOverall`;
/*!40101 SET @saved_cs_client     = @@character_set_client */;
/*!50503 SET character_set_client = utf8mb4 */;
CREATE TABLE `WaterOverall` (
  `id` int NOT NULL AUTO_INCREMENT,
  `idUser` varchar(45) NOT NULL,
  `Total` int NOT NULL,
  `Date` datetime NOT NULL,
  PRIMARY KEY (`id`)
) ENGINE=InnoDB AUTO_INCREMENT=63 DEFAULT CHARSET=utf8mb3;
/*!40101 SET character_set_client = @saved_cs_client */;

--
-- Dumping data for table `WaterOverall`
--

LOCK TABLES `WaterOverall` WRITE;
/*!40000 ALTER TABLE `WaterOverall` DISABLE KEYS */;
INSERT INTO `WaterOverall` VALUES (2,'12',200,'2023-02-17 22:02:45'),(3,'12',0,'2023-02-18 14:02:13'),(4,'12',3030,'2023-02-19 18:10:15'),(5,'12',1500,'2023-02-20 22:04:34'),(6,'12',1330,'2023-02-21 18:47:05'),(7,'12',0,'2023-02-22 12:35:38'),(8,'12',830,'2023-02-27 16:12:00'),(9,'12',200,'2023-03-01 19:32:53'),(10,'12',1660,'2023-03-02 23:11:35'),(11,'12',0,'2023-03-07 12:08:14'),(12,'12',0,'2023-03-12 22:39:35'),(13,'12',200,'2023-03-14 23:19:06'),(14,'12',0,'2023-03-15 23:18:53'),(15,'13',0,'2023-03-15 23:15:53'),(16,'14',0,'2023-03-15 23:17:29'),(17,'12',0,'2023-03-16 14:54:43'),(18,'12',0,'2023-03-17 20:41:56'),(19,'12',0,'2023-03-18 07:41:07'),(20,'16',0,'2023-03-18 07:40:28'),(21,'12',0,'2023-03-19 18:45:17'),(22,'12',0,'2023-03-20 17:04:28'),(23,'12',200,'2023-03-21 20:07:24'),(24,'12',200,'2023-03-22 19:11:18'),(25,'12',0,'2023-03-23 20:00:43'),(26,'12',280,'2023-03-24 19:38:49'),(27,'12',0,'2023-03-25 19:01:03'),(28,'12',1030,'2023-03-26 23:57:52'),(29,'12',330,'2023-03-27 16:04:41'),(30,'13',0,'2023-03-26 23:52:22'),(31,'13',0,'2023-03-27 00:01:23'),(32,'14',0,'2023-03-27 00:01:48'),(33,'12',0,'2023-03-28 16:55:06'),(34,'12',0,'2023-03-30 14:21:51'),(35,'12',330,'2023-03-31 17:36:09'),(36,'12',1030,'2023-04-01 15:00:39'),(37,'12',330,'2023-04-02 16:53:40'),(38,'12',0,'2023-04-04 19:25:01'),(39,'12',0,'2023-04-05 10:04:36'),(40,'12',860,'2023-04-06 22:56:41'),(41,'12',0,'2023-04-07 17:14:45'),(42,'12',0,'2023-04-08 14:07:26'),(43,'12',330,'2023-04-09 23:59:17'),(44,'13',0,'2023-04-09 20:47:43'),(45,'17',0,'2023-04-09 20:52:00'),(46,'11',0,'2023-04-09 21:04:49'),(47,'14',0,'2023-04-09 23:28:44'),(48,'12',330,'2023-04-10 21:31:28'),(49,'18',0,'2023-04-10 19:18:36'),(50,'20',252340,'2023-04-11 16:09:52'),(51,'12',0,'2023-04-11 16:29:42'),(52,'12',0,'2023-04-12 22:44:00'),(53,'12',700,'2023-04-13 05:08:20'),(54,'21',0,'2023-04-13 12:33:01'),(55,'22',0,'2023-04-13 14:29:21'),(56,'20',99870,'2023-04-14 15:29:11'),(57,'12',530,'2023-04-15 13:41:57'),(58,'12',1330,'2023-04-17 20:07:07'),(59,'12',0,'2023-04-18 23:29:01'),(60,'12',0,'2023-04-19 18:40:39'),(61,'12',0,'2023-04-20 23:45:31'),(62,'12',0,'2023-04-21 23:14:54');
/*!40000 ALTER TABLE `WaterOverall` ENABLE KEYS */;
UNLOCK TABLES;

--
-- Table structure for table `Waters`
--

DROP TABLE IF EXISTS `Waters`;
/*!40101 SET @saved_cs_client     = @@character_set_client */;
/*!50503 SET character_set_client = utf8mb4 */;
CREATE TABLE `Waters` (
  `id` int NOT NULL AUTO_INCREMENT,
  `idUser` int NOT NULL,
  `Type` varchar(45) NOT NULL,
  `Title` varchar(45) NOT NULL,
  `Content` varchar(45) NOT NULL,
  `Value` int NOT NULL,
  `Time` datetime NOT NULL,
  PRIMARY KEY (`id`)
) ENGINE=InnoDB AUTO_INCREMENT=1081 DEFAULT CHARSET=utf8mb3;
/*!40101 SET character_set_client = @saved_cs_client */;

--
-- Dumping data for table `Waters`
--

LOCK TABLES `Waters` WRITE;
/*!40000 ALTER TABLE `Waters` DISABLE KEYS */;
INSERT INTO `Waters` VALUES (70,12,'Coffee','Coffee','Coffee',200,'2023-02-17 22:00:05'),(71,12,'Coffee','Coffee','Coffee',200,'2023-02-19 15:36:37'),(72,12,'ColdDrink','ColdDrink','ColdDrink',1000,'2023-02-19 17:20:57'),(73,12,'EnergyDrink','EnergyDrink','EnergyDrink',330,'2023-02-19 17:21:13'),(74,12,'ColdDrink','ColdDrink','ColdDrink',1000,'2023-02-19 17:31:39'),(75,12,'Water','Water','Water',500,'2023-02-19 17:44:01'),(76,12,'Water','Water','Water',500,'2023-02-20 12:35:27'),(77,12,'ColdDrink','ColdDrink','ColdDrink',1000,'2023-02-20 20:10:42'),(80,12,'ColdDrink','ColdDrink','ColdDrink',1000,'2023-02-21 13:16:01'),(115,12,'EnergyDrink','EnergyDrink','EnergyDrink',330,'2023-02-21 13:16:08'),(124,12,'Water','Water','Water',500,'2023-02-27 10:30:00'),(125,12,'EnergyDrink','EnergyDrink','EnergyDrink',330,'2023-02-27 16:11:57'),(126,12,'Coffee','Coffee','Coffee',200,'2023-03-01 17:05:54'),(127,12,'EnergyDrink','EnergyDrink','EnergyDrink',330,'2023-03-02 14:43:51'),(128,12,'EnergyDrink','EnergyDrink','EnergyDrink',330,'2023-03-02 16:03:30'),(129,12,'ColdDrink','ColdDrink','ColdDrink',1000,'2023-03-02 16:03:32'),(130,12,'Coffee','Coffee','Coffee',200,'2023-03-14 11:25:10'),(132,12,'Coffee','Coffee','Coffee',200,'2023-03-21 16:24:54'),(133,12,'Coffee','Coffee','Coffee',200,'2023-03-22 14:42:01'),(134,12,'Coffee','Coffee','Ice latte',280,'2023-03-24 12:59:48'),(135,12,'EnergyDrink','EnergyDrink','EnergyDrink',330,'2023-03-26 21:34:15'),(136,12,'Coffee','Coffee','Coffee',200,'2023-03-26 23:33:22'),(137,12,'Water','Water','Water',500,'2023-03-26 23:37:47'),(138,12,'EnergyDrink','EnergyDrink','EnergyDrink',330,'2023-03-27 00:40:21'),(139,12,'EnergyDrink','EnergyDrink','EnergyDrink',330,'2023-03-31 13:42:00'),(140,12,'Coffee','Coffee','Coffee',200,'2023-04-01 14:55:01'),(141,12,'EnergyDrink','EnergyDrink','EnergyDrink',330,'2023-04-01 14:55:05'),(142,12,'Water','Water','Water',500,'2023-04-01 14:55:06'),(143,12,'EnergyDrink','EnergyDrink','EnergyDrink',330,'2023-04-02 16:53:35'),(144,12,'EnergyDrink','EnergyDrink','EnergyDrink',330,'2023-04-06 17:04:50'),(145,12,'Coffee','Coffee','Coffee',200,'2023-04-06 22:37:24'),(147,12,'EnergyDrink','EnergyDrink','EnergyDrink',330,'2023-04-06 22:39:01'),(148,12,'EnergyDrink','EnergyDrink','EnergyDrink',330,'2023-04-09 21:44:33'),(150,12,'EnergyDrink','EnergyDrink','EnergyDrink',330,'2023-04-10 00:22:19'),(466,20,'Water','Water','Water',500,'2023-04-11 15:58:36'),(467,20,'ColdDrink','ColdDrink','ColdDrink',1000,'2023-04-11 15:58:36'),(468,20,'ColdDrink','ColdDrink','ColdDrink',1000,'2023-04-11 15:58:37'),(915,12,'Coffee','Coffee','Latte',200,'2023-04-13 09:00:00'),(916,12,'Water','Water','Water',500,'2023-04-13 12:55:00'),(917,20,'ColdDrink','ColdDrink','ColdDrink',1000,'2023-04-14 15:28:33'),(918,20,'ColdDrink','ColdDrink','ColdDrink',1000,'2023-04-14 15:28:33'),(919,20,'ColdDrink','ColdDrink','ColdDrink',1000,'2023-04-14 15:28:34'),(920,20,'ColdDrink','ColdDrink','ColdDrink',1000,'2023-04-14 15:28:35'),(921,20,'ColdDrink','ColdDrink','ColdDrink',1000,'2023-04-14 15:28:35'),(922,20,'ColdDrink','ColdDrink','ColdDrink',1000,'2023-04-14 15:28:35'),(923,20,'ColdDrink','ColdDrink','ColdDrink',1000,'2023-04-14 15:28:36'),(924,20,'ColdDrink','ColdDrink','ColdDrink',1000,'2023-04-14 15:28:36'),(925,20,'ColdDrink','ColdDrink','ColdDrink',1000,'2023-04-14 15:28:36'),(926,20,'ColdDrink','ColdDrink','ColdDrink',1000,'2023-04-14 15:28:36'),(927,20,'ColdDrink','ColdDrink','ColdDrink',1000,'2023-04-14 15:28:37'),(928,20,'ColdDrink','ColdDrink','ColdDrink',1000,'2023-04-14 15:28:37'),(929,20,'ColdDrink','ColdDrink','ColdDrink',1000,'2023-04-14 15:28:37'),(930,20,'ColdDrink','ColdDrink','ColdDrink',1000,'2023-04-14 15:28:38'),(931,20,'ColdDrink','ColdDrink','ColdDrink',1000,'2023-04-14 15:28:38'),(932,20,'ColdDrink','ColdDrink','ColdDrink',1000,'2023-04-14 15:28:38'),(933,20,'ColdDrink','ColdDrink','ColdDrink',1000,'2023-04-14 15:28:39'),(934,20,'ColdDrink','ColdDrink','ColdDrink',1000,'2023-04-14 15:28:39'),(935,20,'ColdDrink','ColdDrink','ColdDrink',1000,'2023-04-14 15:28:39'),(936,20,'ColdDrink','ColdDrink','ColdDrink',1000,'2023-04-14 15:28:39'),(937,20,'ColdDrink','ColdDrink','ColdDrink',1000,'2023-04-14 15:28:39'),(938,20,'Water','Water','Water',500,'2023-04-14 15:28:39'),(939,20,'ColdDrink','ColdDrink','ColdDrink',1000,'2023-04-14 15:28:39'),(940,20,'Water','Water','Water',500,'2023-04-14 15:28:39'),(941,20,'ColdDrink','ColdDrink','ColdDrink',1000,'2023-04-14 15:28:40'),(942,20,'Coffee','Coffee','Coffee',200,'2023-04-14 15:28:40'),(943,20,'ColdDrink','ColdDrink','ColdDrink',1000,'2023-04-14 15:28:40'),(944,20,'ColdDrink','ColdDrink','ColdDrink',1000,'2023-04-14 15:28:40'),(945,20,'Coffee','Coffee','Coffee',200,'2023-04-14 15:28:41'),(946,20,'ColdDrink','ColdDrink','ColdDrink',1000,'2023-04-14 15:28:41'),(947,20,'Coffee','Coffee','Coffee',200,'2023-04-14 15:28:41'),(948,20,'ColdDrink','ColdDrink','ColdDrink',1000,'2023-04-14 15:28:41'),(949,20,'Coffee','Coffee','Coffee',200,'2023-04-14 15:28:41'),(950,20,'Coffee','Coffee','Coffee',200,'2023-04-14 15:28:42'),(951,20,'ColdDrink','ColdDrink','ColdDrink',1000,'2023-04-14 15:28:42'),(952,20,'ColdDrink','ColdDrink','ColdDrink',1000,'2023-04-14 15:28:42'),(953,20,'ColdDrink','ColdDrink','ColdDrink',1000,'2023-04-14 15:28:43'),(954,20,'Water','Water','Water',500,'2023-04-14 15:28:43'),(955,20,'ColdDrink','ColdDrink','ColdDrink',1000,'2023-04-14 15:28:43'),(956,20,'ColdDrink','ColdDrink','ColdDrink',1000,'2023-04-14 15:28:43'),(957,20,'Water','Water','Water',500,'2023-04-14 15:28:43'),(958,20,'ColdDrink','ColdDrink','ColdDrink',1000,'2023-04-14 15:28:43'),(959,20,'ColdDrink','ColdDrink','ColdDrink',1000,'2023-04-14 15:28:43'),(960,20,'Water','Water','Water',500,'2023-04-14 15:28:43'),(961,20,'ColdDrink','ColdDrink','ColdDrink',1000,'2023-04-14 15:28:44'),(962,20,'Water','Water','Water',500,'2023-04-14 15:28:44'),(963,20,'Water','Water','Water',500,'2023-04-14 15:28:44'),(964,20,'ColdDrink','ColdDrink','ColdDrink',1000,'2023-04-14 15:28:44'),(965,20,'Water','Water','Water',500,'2023-04-14 15:28:45'),(966,20,'ColdDrink','ColdDrink','ColdDrink',1000,'2023-04-14 15:28:45'),(967,20,'EnergyDrink','EnergyDrink','EnergyDrink',330,'2023-04-14 15:28:47'),(968,20,'ColdDrink','ColdDrink','ColdDrink',1000,'2023-04-14 15:28:47'),(969,20,'Water','Water','Water',500,'2023-04-14 15:28:47'),(970,20,'EnergyDrink','EnergyDrink','EnergyDrink',330,'2023-04-14 15:28:47'),(971,20,'ColdDrink','ColdDrink','ColdDrink',1000,'2023-04-14 15:28:47'),(972,20,'Water','Water','Water',500,'2023-04-14 15:28:47'),(973,20,'Coffee','Coffee','Coffee',200,'2023-04-14 15:28:48'),(974,20,'Water','Water','Water',500,'2023-04-14 15:28:48'),(975,20,'EnergyDrink','EnergyDrink','EnergyDrink',330,'2023-04-14 15:28:48'),(976,20,'Coffee','Coffee','Coffee',200,'2023-04-14 15:28:48'),(977,20,'ColdDrink','ColdDrink','ColdDrink',1000,'2023-04-14 15:28:48'),(978,20,'Water','Water','Water',500,'2023-04-14 15:28:48'),(979,20,'EnergyDrink','EnergyDrink','EnergyDrink',330,'2023-04-14 15:28:48'),(980,20,'ColdDrink','ColdDrink','ColdDrink',1000,'2023-04-14 15:28:48'),(981,20,'Coffee','Coffee','Coffee',200,'2023-04-14 15:28:48'),(982,20,'Water','Water','Water',500,'2023-04-14 15:28:49'),(983,20,'EnergyDrink','EnergyDrink','EnergyDrink',330,'2023-04-14 15:28:49'),(984,20,'ColdDrink','ColdDrink','ColdDrink',1000,'2023-04-14 15:28:49'),(985,20,'Coffee','Coffee','Coffee',200,'2023-04-14 15:28:49'),(986,20,'Water','Water','Water',500,'2023-04-14 15:28:49'),(987,20,'ColdDrink','ColdDrink','ColdDrink',1000,'2023-04-14 15:28:49'),(988,20,'EnergyDrink','EnergyDrink','EnergyDrink',330,'2023-04-14 15:28:49'),(989,20,'Coffee','Coffee','Coffee',200,'2023-04-14 15:28:50'),(990,20,'ColdDrink','ColdDrink','ColdDrink',1000,'2023-04-14 15:28:50'),(991,20,'Water','Water','Water',500,'2023-04-14 15:28:50'),(992,20,'Coffee','Coffee','Coffee',200,'2023-04-14 15:28:50'),(993,20,'EnergyDrink','EnergyDrink','EnergyDrink',330,'2023-04-14 15:28:50'),(994,20,'ColdDrink','ColdDrink','ColdDrink',1000,'2023-04-14 15:28:50'),(995,20,'Water','Water','Water',500,'2023-04-14 15:28:50'),(996,20,'EnergyDrink','EnergyDrink','EnergyDrink',330,'2023-04-14 15:28:50'),(997,20,'ColdDrink','ColdDrink','ColdDrink',1000,'2023-04-14 15:28:50'),(998,20,'Water','Water','Water',500,'2023-04-14 15:28:51'),(999,20,'EnergyDrink','EnergyDrink','EnergyDrink',330,'2023-04-14 15:28:51'),(1000,20,'Coffee','Coffee','Coffee',200,'2023-04-14 15:28:51'),(1001,20,'ColdDrink','ColdDrink','ColdDrink',1000,'2023-04-14 15:28:51'),(1002,20,'Water','Water','Water',500,'2023-04-14 15:28:51'),(1003,20,'EnergyDrink','EnergyDrink','EnergyDrink',330,'2023-04-14 15:28:51'),(1004,20,'Coffee','Coffee','Coffee',200,'2023-04-14 15:28:52'),(1005,20,'ColdDrink','ColdDrink','ColdDrink',1000,'2023-04-14 15:28:52'),(1006,20,'Water','Water','Water',500,'2023-04-14 15:28:52'),(1007,20,'EnergyDrink','EnergyDrink','EnergyDrink',330,'2023-04-14 15:28:52'),(1008,20,'Coffee','Coffee','Coffee',200,'2023-04-14 15:28:52'),(1009,20,'ColdDrink','ColdDrink','ColdDrink',1000,'2023-04-14 15:28:52'),(1010,20,'EnergyDrink','EnergyDrink','EnergyDrink',330,'2023-04-14 15:28:53'),(1011,20,'Water','Water','Water',500,'2023-04-14 15:28:53'),(1012,20,'ColdDrink','ColdDrink','ColdDrink',1000,'2023-04-14 15:28:53'),(1013,20,'Coffee','Coffee','Coffee',200,'2023-04-14 15:28:54'),(1014,20,'Water','Water','Water',500,'2023-04-14 15:28:54'),(1015,20,'ColdDrink','ColdDrink','ColdDrink',1000,'2023-04-14 15:28:54'),(1016,20,'Coffee','Coffee','Coffee',200,'2023-04-14 15:28:54'),(1017,20,'EnergyDrink','EnergyDrink','EnergyDrink',330,'2023-04-14 15:28:54'),(1018,20,'ColdDrink','ColdDrink','ColdDrink',1000,'2023-04-14 15:28:54'),(1019,20,'Water','Water','Water',500,'2023-04-14 15:28:55'),(1020,20,'EnergyDrink','EnergyDrink','EnergyDrink',330,'2023-04-14 15:28:55'),(1021,20,'Coffee','Coffee','Coffee',200,'2023-04-14 15:28:55'),(1022,20,'ColdDrink','ColdDrink','ColdDrink',1000,'2023-04-14 15:28:55'),(1023,20,'Water','Water','Water',500,'2023-04-14 15:28:55'),(1024,20,'EnergyDrink','EnergyDrink','EnergyDrink',330,'2023-04-14 15:28:55'),(1025,20,'Coffee','Coffee','Coffee',200,'2023-04-14 15:28:55'),(1026,20,'ColdDrink','ColdDrink','ColdDrink',1000,'2023-04-14 15:28:55'),(1027,20,'Water','Water','Water',500,'2023-04-14 15:28:55'),(1028,20,'EnergyDrink','EnergyDrink','EnergyDrink',330,'2023-04-14 15:28:56'),(1029,20,'Coffee','Coffee','Coffee',200,'2023-04-14 15:28:56'),(1030,20,'ColdDrink','ColdDrink','ColdDrink',1000,'2023-04-14 15:28:56'),(1031,20,'Water','Water','Water',500,'2023-04-14 15:28:56'),(1032,20,'ColdDrink','ColdDrink','ColdDrink',1000,'2023-04-14 15:28:56'),(1033,20,'Coffee','Coffee','Coffee',200,'2023-04-14 15:28:56'),(1034,20,'EnergyDrink','EnergyDrink','EnergyDrink',330,'2023-04-14 15:28:56'),(1035,20,'Water','Water','Water',500,'2023-04-14 15:28:57'),(1036,20,'ColdDrink','ColdDrink','ColdDrink',1000,'2023-04-14 15:28:57'),(1037,20,'EnergyDrink','EnergyDrink','EnergyDrink',330,'2023-04-14 15:28:57'),(1038,20,'Coffee','Coffee','Coffee',200,'2023-04-14 15:28:57'),(1039,20,'ColdDrink','ColdDrink','ColdDrink',1000,'2023-04-14 15:28:57'),(1040,20,'Water','Water','Water',500,'2023-04-14 15:28:57'),(1041,20,'EnergyDrink','EnergyDrink','EnergyDrink',330,'2023-04-14 15:28:58'),(1042,20,'Coffee','Coffee','Coffee',200,'2023-04-14 15:28:58'),(1043,20,'ColdDrink','ColdDrink','ColdDrink',1000,'2023-04-14 15:28:58'),(1044,20,'Water','Water','Water',500,'2023-04-14 15:28:58'),(1045,20,'EnergyDrink','EnergyDrink','EnergyDrink',330,'2023-04-14 15:28:58'),(1046,20,'Coffee','Coffee','Coffee',200,'2023-04-14 15:28:58'),(1047,20,'ColdDrink','ColdDrink','ColdDrink',1000,'2023-04-14 15:28:58'),(1048,20,'Water','Water','Water',500,'2023-04-14 15:28:59'),(1049,20,'EnergyDrink','EnergyDrink','EnergyDrink',330,'2023-04-14 15:28:59'),(1050,20,'ColdDrink','ColdDrink','ColdDrink',1000,'2023-04-14 15:29:00'),(1051,20,'Coffee','Coffee','Coffee',200,'2023-04-14 15:29:00'),(1052,20,'Water','Water','Water',500,'2023-04-14 15:29:00'),(1053,20,'EnergyDrink','EnergyDrink','EnergyDrink',330,'2023-04-14 15:29:00'),(1054,20,'Coffee','Coffee','Coffee',200,'2023-04-14 15:29:00'),(1055,20,'ColdDrink','ColdDrink','ColdDrink',1000,'2023-04-14 15:29:00'),(1056,20,'Water','Water','Water',500,'2023-04-14 15:29:00'),(1057,20,'EnergyDrink','EnergyDrink','EnergyDrink',330,'2023-04-14 15:29:00'),(1058,20,'Coffee','Coffee','Coffee',200,'2023-04-14 15:29:01'),(1059,20,'ColdDrink','ColdDrink','ColdDrink',1000,'2023-04-14 15:29:01'),(1060,20,'EnergyDrink','EnergyDrink','EnergyDrink',330,'2023-04-14 15:29:01'),(1061,20,'EnergyDrink','EnergyDrink','EnergyDrink',330,'2023-04-14 15:29:01'),(1062,20,'Water','Water','Water',500,'2023-04-14 15:29:02'),(1063,20,'ColdDrink','ColdDrink','ColdDrink',1000,'2023-04-14 15:29:02'),(1064,20,'EnergyDrink','EnergyDrink','EnergyDrink',330,'2023-04-14 15:29:02'),(1065,20,'Water','Water','Water',500,'2023-04-14 15:29:02'),(1066,20,'Coffee','Coffee','Coffee',200,'2023-04-14 15:29:03'),(1067,20,'ColdDrink','ColdDrink','ColdDrink',1000,'2023-04-14 15:29:03'),(1068,20,'EnergyDrink','EnergyDrink','EnergyDrink',330,'2023-04-14 15:29:03'),(1069,20,'Water','Water','Water',500,'2023-04-14 15:29:04'),(1070,20,'Coffee','Coffee','Coffee',200,'2023-04-14 15:29:04'),(1071,20,'EnergyDrink','EnergyDrink','EnergyDrink',330,'2023-04-14 15:29:04'),(1072,20,'ColdDrink','ColdDrink','ColdDrink',1000,'2023-04-14 15:29:04'),(1073,20,'Coffee','Coffee','Coffee',200,'2023-04-14 15:29:05'),(1074,20,'Water','Water','Water',500,'2023-04-14 15:29:05'),(1075,20,'ColdDrink','ColdDrink','ColdDrink',1000,'2023-04-14 15:29:05'),(1076,20,'EnergyDrink','EnergyDrink','EnergyDrink',330,'2023-04-14 15:29:05'),(1077,12,'EnergyDrink','EnergyDrink','EnergyDrink',330,'2023-04-15 09:41:26'),(1078,12,'Coffee','Coffee','Coffee',200,'2023-04-15 09:56:28'),(1079,12,'EnergyDrink','EnergyDrink','EnergyDrink',330,'2023-04-17 01:32:56'),(1080,12,'ColdDrink','ColdDrink','ColdDrink',1000,'2023-04-17 01:32:59');
/*!40000 ALTER TABLE `Waters` ENABLE KEYS */;
UNLOCK TABLES;
/*!40103 SET TIME_ZONE=@OLD_TIME_ZONE */;

/*!40101 SET SQL_MODE=@OLD_SQL_MODE */;
/*!40014 SET FOREIGN_KEY_CHECKS=@OLD_FOREIGN_KEY_CHECKS */;
/*!40014 SET UNIQUE_CHECKS=@OLD_UNIQUE_CHECKS */;
/*!40101 SET CHARACTER_SET_CLIENT=@OLD_CHARACTER_SET_CLIENT */;
/*!40101 SET CHARACTER_SET_RESULTS=@OLD_CHARACTER_SET_RESULTS */;
/*!40101 SET COLLATION_CONNECTION=@OLD_COLLATION_CONNECTION */;
/*!40111 SET SQL_NOTES=@OLD_SQL_NOTES */;

-- Dump completed on 2023-04-22  7:05:56
